id,Address,Response_Address,Response_X,Response_Y
1,新北市八里區荖阡坑路15號,新北市八里區荖阡里1鄰荖阡坑路15號,290459.465,2781333.601
2,新北市石門區中央路1之9號,新北市石門區石門里1鄰中央路1之9號,306849.551,2798153.885
3,新北市萬里區萬里里29鄰瑪鋉路18號,新北市萬里區萬里里29鄰瑪鋉路18號,319367.481,2785468.33
4,新北市坪林區國中路4號,新北市坪林區坪林里1鄰國中路4號,321989.819,2759099.974
5,新北市瑞芳區三爪子坑路1號,新北市瑞芳區新峰里2鄰三爪子坑路1號,332147.855,2777926.212
6,新北市瑞芳區崙頂路3之1號,新北市瑞芳區永慶里9鄰崙頂路3之1號,335307.021,2777675.292
7,新北市貢寮區嵩陽街42號,新北市貢寮區龍崗里3鄰嵩陽街42號,341551.574,2767900.854
8,新北市平溪區石底街92號,新北市平溪區石底里6鄰石底街92之1號,323957.175,2768665.748
9,新北市烏來區啦卡路5號,新北市烏來區烏來里3鄰啦卡路5號,306005.822,2750721.396
10,新北市貢寮區美豐里雞母嶺街6之6號,新北市貢寮區美豐里12鄰雞母嶺街6之6號,340952.969,2773369.592
11,臺中市大安區松雅里大安港路691號,臺中市大安區松雅里7鄰大安港路691號,209601.408,2695529.273
12,臺中市烏日區溪南路一段731號,臺中市烏日區溪埧里1鄰溪南路一段731號,213815.918,2662992.167
13,臺中市石岡區梅子里豐勢路國中巷1號,臺中市石岡區梅子里14鄰豐勢路國中巷1號,229366.918,2684711.31
14,臺中市東勢區東關路五段500號,臺中市東勢區慶東里17鄰東關路五段500號,233720.148,2677761.927
15,臺中市東勢區東新里5鄰東環街123號,臺中市東勢區東新里5鄰東環街123號,232709.184,2684148.841
16,臺中市和平區東關路三段崑崙巷62號,臺中市和平區南勢里11鄰東關路三段崑崙巷62號,238061.523,2674817.518
17,臺中市和平區梨山里福壽路10號,臺中市和平區梨山里20鄰福壽路10號,276383.564,2683367.473
18,臺南市仁德區保安里中正路一段185號,臺南市仁德區保安里9鄰中正路一段185號,171533.778,2535761.471
19,臺南市龍崎區新市子258號,臺南市龍崎區崎頂里5鄰新市子259號,184436.17,2540917.25
20,臺南市山上區山上里130號,臺南市山上區山上里4鄰山上130號,184269.61,2555868.25
21,臺南市楠西區中興路107號,臺南市楠西區楠西里3鄰中興路107號,197282.06,2564508.25
22,臺南市南化區南化里227號,臺南市南化區南化里11鄰南化227號,196621.71,2549297.85
23,臺南市左鎮區中正里170號,臺南市左鎮區中正里8鄰中正170號,189590.91,2550660.25
24,臺南市大內區內江里319之1號,臺南市大內區內江里5鄰內庄319號之1,184839.31,2556933.2
25,臺南市佳里區民安里新宅34之1號,臺南市佳里區民安里10鄰新宅34號之1,167676.76,2564796.98
26,臺南市將軍區忠嘉里昌平1之1號,臺南市將軍區忠嘉里16鄰昌平1之1號,163062.26,2567384.7
27,臺南市七股區大潭里頂潭93號,臺南市七股區大潭里7鄰頂潭93號,161410.25,2565376.04
28,臺南市七股區義合里74之2號,臺南市七股區義合里4鄰義合74號之2,162136.2,2555864.06
29,臺南市北門區永華里1之1號,臺南市北門區永華里1之1號,160813.702,2572587.419
30,臺南市新營區太北里140之21號,臺南市新營區太北里14鄰太子宮140號之22,175343.79,2576789.28
31,臺南市柳營區東昇里中山東路二段956號,臺南市柳營區東昇里18鄰中山東路二段956號,181606.96,2575413.56
32,臺南市東山區東原里瓦厝70號,臺南市東山區東原里13鄰瓦厝子70號,193925.59,2574628.55
33,臺南市後壁區嘉苳里124之20號,臺南市後壁區嘉苳里7鄰下茄苳124號之20,184240.52,2583529.26
34,臺南市後壁區長短樹里8鄰長短樹8之3號,臺南市後壁區長短樹里8鄰長短樹8號之3,181731.42,2585286.76
35,高雄市大寮區潮寮里潮寮路51之9號,高雄市大寮區潮寮里6鄰潮寮路51之9號,190884.91,2496053.89
36,高雄市大樹區溪埔路1號,高雄市大樹區溪埔里1鄰溪埔路1號,192781.6,2513327.64
37,高雄市永安區保興一路3號,高雄市永安區保寧里11鄰保興一路3號,172054.225,2524902.895
38,高雄市田寮區南安里崗安路48號,高雄市田寮區南安里17鄰崗安路48號,184399.11,2529236.972
39,高雄市旗山區圓富里旗甲路2段609號,高雄市旗山區圓富里14鄰旗甲路二段609號,198770.704,2536486.887
40,高雄市旗山區新光里新南巷5號,高雄市旗山區新光里6鄰新南巷5號,194630.385,2526153.703
41,高雄市美濃區龍山里中華路68號,高雄市美濃區龍山里19鄰中華路68號,206003.67,2530861.524
42,高雄市六龜區寶來里中正路137號,高雄市六龜區寶來里5鄰中正路137號,219643.387,2556423.679
43,高雄市杉林區月眉里清水路6號,高雄市杉林區月眉里16鄰清水路6之1號,201492.203,2539974.237
44,高雄市內門區中正路160巷30號,高雄市內門區觀亭里14鄰中正路160巷30號,193945.972,2535737.029
45,高雄市甲仙區東安里文化南路6號,高雄市甲仙區東安里8鄰文化南路6號,208212.2,2553323.75
46,高雄市林園區中芸里中芸路3之100號,高雄市林園區中芸里1鄰中芸路3之100號,187778.87,2487480.021
47,高雄市那瑪夏區瑪雅里平和巷171號,高雄市那瑪夏區瑪雅里6鄰平和巷171號,218969.213,2570988.801
48,高雄市茂林區茂林里4之5號,高雄市茂林區茂林里1鄰茂林巷4之5號,215517.386,2531606.054
49,高雄市桃源區勤和里南橫公路三段201號,高雄市桃源區勤和里1鄰南橫公路三段201號,227580.768,2564105.358
50,宜蘭縣大同鄉太平村一鄰泰雅路四段35號,宜蘭縣大同鄉太平村1鄰泰雅路四段35號,298407.19,2718707.5
51,桃園市楊梅區豐野里中正路456號,桃園市楊梅區豐野里29鄰中正路456號,257555.37,2759345.81
52,桃園市楊梅區民豐路69號,桃園市楊梅區瑞原里3鄰民豐路69號,262292.38,2758406.61
53,桃園市新屋區民有二路二段100號,桃園市新屋區大坡里5鄰民有二路二段100號,254016.52,2761538.76
54,桃園市新屋區中山西路三段96號,桃園市新屋區永安里5鄰中山西路三段98號,254439.35,2764402.85
55,桃園市復興區澤仁里中正路248號,桃園市復興區澤仁里14鄰中正路248號,285538.45,2745907.46
56,新竹縣竹東鎮東峰路521號,新竹縣竹東鎮員崠里2鄰東峰路521號,259910.371,2733360.997
57,新竹縣關西鎮石光里308巷44號,新竹縣關西鎮石光里7鄰石岡子308巷44號,263112.413,2745153.85
58,新竹縣關西鎮東光里十六張49號,新竹縣關西鎮東光里3鄰十六張49號,268282.623,2741418.202
59,新竹縣新埔鎮照門里照鏡7號,新竹縣新埔鎮照門里7鄰照鏡7號,261248.771,2749051.018
60,新竹縣竹北市大義里鳳岡路三段100號,新竹縣竹北市大義里9鄰鳳岡路三段100號,246549.378,2750707.752
61,新竹縣芎林鄉新鳳村74號,新竹縣芎林鄉新鳳村8鄰五股林74號,259232.82,2739453.96
62,新竹縣新豐鄉後湖村八鄰166號,新竹縣新豐鄉後湖村8鄰後湖子166之1號,251904.424,2757716.361
63,新竹縣橫山鄉中豐路二段415號,新竹縣橫山鄉新興村2鄰中豐路二段415號,264803.91,2734559.26
64,新竹縣橫山鄉橫山街一段29號,新竹縣橫山鄉橫山村6鄰橫山街一段29號,261053.583,2734578.482
65,新竹縣寶山鄉三峰路二段600號,新竹縣寶山鄉雙溪村4鄰三峰路二段600號,249125.048,2739715.902
66,新竹縣北埔鄉埔尾村141號,新竹縣北埔鄉埔尾村8鄰埔心街141號,254829.21,2733024.21
67,新竹縣峨眉鄉峨眉街十鄰54號,新竹縣峨眉鄉峨眉村10鄰峨眉街54號,251829.448,2731531.23
68,新竹縣五峰鄉大隘村六鄰113號,新竹縣五峰鄉大隘村6鄰五峰117號,262103.643,2724978.601
69,新竹縣尖石鄉嘉樂村三鄰八十號,新竹縣尖石鄉嘉樂村3鄰麥樹仁80號,270447.7,2733364.006
70,苗栗縣通霄鎮南和里9鄰112之1號,苗栗縣通霄鎮南和里9鄰南和112之1號,221719.859,2704609.195
71,苗栗縣通霄鎮內湖里1鄰5-1號,苗栗縣通霄鎮內湖里1鄰內湖5號,221256.873,2711214.206
72,苗栗縣通霄鎮白東里135之2號,苗栗縣通霄鎮白東里17鄰白東135之2號,220930.758,2717271.249
73,苗栗縣西湖鄉龍洞村一鄰1之1號,苗栗縣西湖鄉龍洞村1鄰龍洞1之1號,225423.226,2716620.339
74,苗栗縣頭份市尖下里200號,苗栗縣頭份市尖下里19鄰尖下200號,237875.439,2727655.156
75,苗栗縣三灣鄉三灣村忠信路17號,苗栗縣三灣鄉三灣村15鄰忠信路17號,245301.83,2726970.66
76,苗栗縣南庄鄉東村中正路165號,苗栗縣南庄鄉東村20鄰中正路165號,250060.491,2721979.186
77,苗栗縣造橋鄉造橋村1鄰老庄27號,苗栗縣造橋鄉造橋村1鄰老庄27號,236217.858,2725931.947
78,苗栗縣造橋鄉大中街73號,苗栗縣造橋鄉大西村14鄰大中街73號,239372.151,2724209.308
79,苗栗縣大湖鄉靜湖村民族路80號,苗栗縣大湖鄉靜湖村5鄰民族路80號,236917.219,2702303.746
80,苗栗縣大湖鄉義和村12號,苗栗縣大湖鄉義和村3鄰蔗部坪12號,236655.66,2699047.8
81,苗栗縣獅潭鄉新店村21號,苗栗縣獅潭鄉新店村5鄰新店21號,242188.69,2715379.21
82,苗栗縣泰安鄉大興村32之1號,苗栗縣泰安鄉大興村1鄰高熊卡32之1號,240796.37,2701696.9
83,苗栗縣通霄鎮福興里58之2號,苗栗縣通霄鎮福興里6鄰福興58之2號,222401.192,2702183.17
84,彰化縣鹿港鎮頭南里頂草路三段167號,彰化縣鹿港鎮頭南里18鄰頂草路三段167號,196008.84,2666032.1
85,彰化縣線西鄉寓埔村中央路二段145號,彰化縣線西鄉寓埔村2鄰中央路二段145號,196022.58,2669756.29
86,彰化縣二林鎮萬興里二溪路六段626號,彰化縣二林鎮萬興里10鄰二溪路六段626號,190472.174,2650282.418
87,彰化縣竹塘鄉竹塘村竹林路一段550號,彰化縣竹塘鄉竹塘村3鄰竹林路一段550號,191583.668,2640141.455
88,彰化縣大城鄉東城村南平路224號,彰化縣大城鄉東城村9鄰南平路224號,181145.651,2638901.112
89,彰化縣芳苑鄉草湖村功湖路140號,彰化縣芳苑鄉草湖村13鄰功湖路草湖段140號,186732.287,2650544.312
90,彰化縣芳苑鄉仁愛村斗苑路芳苑段211號,彰化縣芳苑鄉仁愛村2鄰斗苑路芳苑段211號,180764.4,2646726.685
91,彰化縣二水鄉源泉村月眉巷13號,彰化縣二水鄉源泉村1鄰月眉巷13號,213907.045,2633345.204
92,彰化縣溪州鄉溪州村中央路三段300號,彰化縣溪州鄉溪州村17鄰中央路三段300號,198569.121,2638542.491
93,彰化縣溪州鄉成功村下柑路1號,彰化縣溪州鄉成功村8鄰下柑路122號,203372.584,2635646.133
94,彰化縣埤頭鄉崙腳村中學路67號,彰化縣埤頭鄉崙腳村4鄰中學路67號,195058.79,2641905.728
95,彰化縣二林鎮原斗里原竹路872號,彰化縣二林鎮原斗里9鄰原竹路872號,191623.541,2643437.052
96,南投縣南投市鳳鳴里八卦路896號,南投縣南投市鳳鳴里3鄰八卦路896號,213317,2646739
97,南投縣埔里鎮西安路一段193號,南投縣埔里鎮北門里8鄰西安路一段193號,246811.92,2651554.2
98,南投縣埔里鎮大城路169號,南投縣埔里鎮大城里13鄰大城路169號,245186.27,2651925.43
99,南投縣埔里鎮東門里公園路20號,南投縣埔里鎮東門里8鄰公園路20號,247159.52,2650779.45
100,南投縣竹山鎮集山路一段1729號,南投縣竹山鎮山崇里11鄰集山路一段1729號,221523.29,2633951.42
101,南投縣竹山鎮瑞竹里瑞東巷20號,南投縣竹山鎮瑞竹里12鄰瑞東巷21之1號,216426.52,2618241.62
102,南投縣集集鎮集集里成功路200號,南投縣集集鎮集集里11鄰成功路200號,228043.93,2636423.3
103,南投縣名間鄉新光村名山路50號,南投縣名間鄉新光村7鄰名山路50之2號,216278.31,2638350.8
104,南投縣鹿谷鄉彰雅村仁義路94之1號,南投縣鹿谷鄉彰雅村10鄰仁義路94之1號,225399.75,2627169.49
105,南投縣鹿谷鄉仁愛路154之1號,南投縣鹿谷鄉秀峰村10鄰仁愛路154之1號,227051.65,2630962.48
106,南投縣中寮鄉復興村初中巷50號,南投縣中寮鄉復興村1鄰初中巷50號,226231.21,2642139.33
107,南投縣中寮鄉爽文村4 鄰竹坪巷40號,南投縣中寮鄉爽文村4鄰竹坪巷40號,225823.1,2647678.31
108,南投縣魚池鄉魚池村魚池街441之6號,南投縣魚池鄉魚池村18鄰魚池街441之6號,242997.46,2643317.58
109,南投縣魚池鄉水社村中山路190號,南投縣魚池鄉水社村7鄰中山路190號,240914.43,2640400.45
110,南投縣國姓鄉石門村國姓路237號,南投縣國姓鄉石門村8鄰國姓路237號,235611.25,2659713.32
111,南投縣國姓鄉北港村國姓路62號,南投縣國姓鄉北港村5鄰國姓路62之2號,240906.22,2661380.88
112,南投縣國姓鄉北山村中正路四段157號,南投縣國姓鄉北山村5鄰中正路四段157號,237142.57,2652873.86
113,南投縣水里鄉中學路29號,南投縣水里鄉民和村6鄰中學路29號,241651.5,2632762.45
114,南投縣信義鄉明德村玉山路20號,南投縣信義鄉明德村5鄰玉山路20號,235106.18,2621400.3
115,南投縣信義鄉同富村同和巷7號,南投縣信義鄉同富村1鄰同和巷7號,238442.22,2610224.23
116,南投縣仁愛鄉大同村信義巷28號,南投縣仁愛鄉大同村13鄰信義巷28號,264452.55,2658468.82
117,雲林縣大埤鄉南和村民權路80號,雲林縣大埤鄉南和村19鄰民權路80號,191801.85,2615481.56
118,雲林縣四湖鄉飛沙村大同路81號,雲林縣四湖鄉飛沙村15鄰大同路81號,165597.83,2615769.506
119,雲林縣四湖鄉湖西村中正路766號,雲林縣四湖鄉湖西村11鄰中正路766號,170995.922,2614172.8
120,雲林縣水林鄉水北村水林路2號,雲林縣水林鄉水北村13鄰水林路2號,173176.51,2607911.12
121,雲林縣二崙鄉崙西村中正路88號,雲林縣二崙鄉崙西村5鄰中正路88號,189551.37,2630100.47
122,雲林縣褒忠鄉中勝路62號,雲林縣褒忠鄉埔姜村9鄰中勝路62號,179715.816,2621878.83
123,雲林縣東勢鄉東榮路65號,雲林縣東勢鄉東南村1鄰東榮路65號,174110.33,2619004.25
124,雲林縣元長鄉元南路16號,雲林縣元長鄉長南村1鄰元南路16號,180278.965,2615949.789
125,雲林縣虎尾鎮中溪里中興路153號,雲林縣虎尾鎮中溪里11鄰中興路128號,194621.34,2624624.31
126,雲林縣口湖鄉梧南村光明路1號,雲林縣口湖鄉梧南村9鄰光明路1號,167880.093,2605078.374
127,雲林縣口湖鄉湖東村3鄰文明路133巷20號,雲林縣口湖鄉湖東村3鄰文明路133巷20號,166725.261,2609644.828
128,雲林縣臺西鄉中山路408號,雲林縣臺西鄉海口村16鄰中山路408號,167565.875,2622158.761
129,雲林縣水林鄉松北村1之1號,雲林縣水林鄉松北村10鄰松北路1之1號,171380.364,2602263.028
130,雲林縣土庫鎮馬光里和平街101號,雲林縣土庫鎮南平里5鄰和平街101號,184414.126,2621291.239
131,雲林縣林內鄉烏麻村長源200號,雲林縣林內鄉烏麻村15鄰長源200號,208564.54,2628091.56
132,雲林縣古坑鄉石橋50-2號,雲林縣古坑鄉樟湖村7鄰石橋50之2號,212390.93,2611202.3
133,嘉義縣布袋鎮光復里六棟寮40號,嘉義縣布袋鎮光復里18鄰六棟寮40號,166250.94,2584335.58
134,嘉義縣東石鄉西崙村438號,嘉義縣東石鄉西崙村15鄰栗子崙438號,166539.91,2591238.95
135,嘉義縣民雄鄉大崎村內埔仔2之1號,嘉義縣民雄鄉大崎村1鄰內埔仔2號之1,197657.16,2601467.14
136,嘉義縣六腳鄉蒜頭村樹仁路1號,嘉義縣六腳鄉蒜頭村2鄰樹仁路1號,177657.95,2599882.85
137,嘉義縣溪口鄉坪頂村中正東路103號,嘉義縣溪口鄉坪頂村13鄰中正東路103號,189138.44,2611419.95
138,嘉義縣東石鄉永屯村39之2號,嘉義縣東石鄉永屯村5鄰屯子頭39號之2,165478.35,2595742.27
139,嘉義縣水上鄉忠和村6之2號,嘉義縣水上鄉忠和村1鄰檳榔樹角6之2號,193916.99,2591513.2
140,嘉義縣竹崎鄉內埔村元興路138號,嘉義縣竹崎鄉內埔村2鄰元興路138號,204799.27,2598013.88
141,嘉義縣義竹鄉岸腳村59之2號,嘉義縣義竹鄉岸腳村8鄰岸腳59號之2,173386.97,2582327.98
142,嘉義縣番路鄉下坑村菜公店30號,嘉義縣番路鄉下坑村1鄰菜公店30號,204534.77,2595852.88
143,嘉義縣梅山鄉梅北村健康街136號,嘉義縣梅山鄉梅北村2鄰健康街136號,205161.61,2609332.77
144,嘉義縣大埔鄉茄苳村竹圍仔5號,嘉義縣大埔鄉茄苳村2鄰竹圍仔5號,208165.39,2576826.64
145,嘉義縣阿里山鄉樂野村1鄰31號,嘉義縣阿里山鄉樂野村1鄰樂野31號,219496.18,2596198.28
146,嘉義縣阿里山鄉豐山村47號,嘉義縣阿里山鄉豐山村3鄰石鼓盤47號,224484.72,2608074.75
147,屏東縣里港鄉春林村里中路10號,屏東縣里港鄉春林村11鄰里中路11號之3,198287.89,2518903.5
148,屏東縣高樹鄉高樹村南興路4號,屏東縣高樹鄉高樹村13鄰南興路4號,209435.83,2524052.28
149,屏東縣高樹鄉泰山村產業路225號,屏東縣高樹鄉泰山村24鄰產業路225號,210070.52,2521243.26
150,屏東縣佳冬鄉玉光村大同路1號,屏東縣佳冬鄉玉光村17鄰大同路1號,205402.33,2481063.65
151,屏東縣琉球鄉中正路158號,屏東縣琉球鄉大福村2鄰中正路158號,184953.38,2470890.6
152,屏東縣車城鄉新興路42號,屏東縣車城鄉福興村14鄰新興路42號,220742.27,2441657.53
153,屏東縣恆春鎮文化路79號,屏東縣恆春鎮城南里14鄰文化路87號,223822.37,2433871.99
154,屏東縣滿州鄉文化路32號,屏東縣滿州鄉滿州村13鄰文化路32號,233451.09,2436278.28
155,屏東縣瑪家鄉三和村三和巷16號,屏東縣瑪家鄉三和村12鄰美園16號;屏東縣瑪家鄉三和村2鄰玉泉16號;屏東縣瑪家鄉三和村5鄰三和16號,208862.010;210794.870;209907.420,2510809.790;2512150.000;2511318.750
156,屏東縣泰武鄉佳平路120號,找不到指定的門牌地址。,,
157,屏東縣牡丹鄉石門村石門路1之1號,屏東縣牡丹鄉石門村3鄰石門路1之1號,226886.43,2447871.29
158,屏東縣枋山鄉楓港村舊庄280號,屏東縣枋山鄉楓港村18鄰舊庄280號,219148.39,2456235.31
159,臺東縣卑南鄉明峰村忠孝路2號,臺東縣卑南鄉明峰村12鄰忠孝路2號,259496.982,2527676.082
160,臺東縣鹿野鄉龍田村光榮路38號,臺東縣鹿野鄉龍田村1鄰光榮路38號,263866.503,2533987.139
161,臺東縣鹿野鄉瑞和村瑞景路三段1號,臺東縣鹿野鄉瑞和村1鄰瑞景路三段1號,266069.136,2541435.57
162,臺東縣關山鎮崁頂路22號,找不到指定的門牌地址。,,
163,臺東縣池上鄉新興村力學路88號,臺東縣池上鄉新興村7鄰力學路78號,271049.388,2556976.781
164,臺東縣太麻里鄉金崙村77號,臺東縣太麻里鄉金崙村3鄰金崙77號,246532.539,2492566.192
165,臺東縣大武鄉大武村復興路1號,臺東縣大武鄉大武村1鄰復興路1號,240406.147,2473923.181
166,臺東縣東河鄉都蘭村398號,臺東縣東河鄉都蘭村40鄰都蘭398號,272976.524,2530442.006
167,臺東縣東河鄉北源村3鄰30號,臺東縣東河鄉北源村3鄰柑桔林30號,279720.797,2544516.508
168,臺東縣成功鎮中正路1號,臺東縣成功鎮忠智里5鄰中正路1號,288577.219,2555594.021
169,臺東縣長濱鄉長濱村15鄰180號,臺東縣長濱鄉長濱村26鄰長光180號,297448.109,2580770.278
170,臺東縣延平鄉桃源村昇平路178號,臺東縣延平鄉桃源村10鄰昇平路176號;臺東縣延平鄉桃源村11鄰昇平路181號,258372.835;258549.572,2533625.106;2533738.957
171,臺東縣海端鄉海端村山界1號,臺東縣海端鄉海端村3鄰山界1號,267991.456,2555270.276
172,臺東縣綠島鄉中寮村4號,臺東縣綠島鄉中寮村9鄰中寮4號,298302.01,2508161.878
173,花蓮縣玉里鎮松浦里松浦39號,花蓮縣玉里鎮松浦里2鄰松浦39號,287874.429,2590516.835
174,花蓮縣玉里鎮三民里151號,花蓮縣玉里鎮三民里13鄰三民151號;花蓮縣玉里鎮三民里7鄰三軒151號,285731.471;284898.848,2592248.154;2590980.269
175,花蓮縣壽豐鄉平和村平和路48號,花蓮縣壽豐鄉平和村4鄰平和路48號,302816.615,2642461.164
176,花蓮縣光復鄉大馬村林森路200號,花蓮縣光復鄉大馬村7鄰林森路200號;花蓮縣光復鄉大馬村8鄰林森路200號,293368.789;293368.789,2618652.854;2618652.854
177,花蓮縣光復鄉大富村中山路一段2號,花蓮縣光復鄉大富村10鄰中山路一段2號,289219.154,2609551.723
178,花蓮縣鳳林鎮長橋路1號,花蓮縣鳳林鎮長橋里13鄰長橋路1號,292672.163,2622791.687
179,花蓮縣富里鄉永安路173號,花蓮縣富里鄉富里村29鄰永安街172號;花蓮縣富里鄉富里村29鄰永安街174號,275528.767;275553.141,2563831.936;2563866.655
180,花蓮縣富里鄉新興村一鄰8號,花蓮縣富里鄉新興村1鄰新興8號;花蓮縣富里鄉新興村7鄰東興8號,278641.378;280310.226,2569243.157;2570317.938
181,花蓮縣豐濱鄉光豐路26號,花蓮縣豐濱鄉豐濱村31鄰光豐路26號,303233.687,2610941.65
182,花蓮縣瑞穗鄉成功北路18號,花蓮縣瑞穗鄉瑞穗村19鄰成功北路18號,288388.595,2599504.623
183,花蓮縣富里鄉東里村道化路82號,花蓮縣富里鄉東里村8鄰道化路82號,280970.743,2573461.126
184,澎湖縣馬公市西文里中華路326號,澎湖縣馬公市西文里20鄰中華路326號,105141.672,2608141.274
185,澎湖縣馬公市光華里101號,澎湖縣馬公市光華里4鄰光華101號,106982.387,2607065.692
186,澎湖縣馬公市五德里41號,澎湖縣馬公市五德里1鄰?母塢41號,105843.043,2603233.035
187,澎湖縣湖西鄉湖西村43之1號,澎湖縣湖西鄉湖西村16鄰湖西43號之1,112580.18,2609667.898
188,澎湖縣湖西鄉許家村1之1號,澎湖縣湖西鄉許家村1鄰港子尾1之1號;澎湖縣湖西鄉許家村1鄰港子尾1號之1,108318.308;108318.316,2610374.556;2610374.560
189,澎湖縣白沙鄉鎮海村60號,澎湖縣白沙鄉鎮海村8鄰鎮海60號,106819.877,2616303.467
190,澎湖縣白沙鄉赤崁村294號,澎湖縣白沙鄉赤崁村16鄰大赤崁294號,106955.45,2618992.401
191,澎湖縣白沙鄉吉貝村185號,澎湖縣白沙鄉吉貝村20鄰吉貝185號,107826.924,2626615.672
192,澎湖縣西嶼鄉池東村213號,澎湖縣西嶼鄉池東村5鄰小池角213號,98006.984,2611566.887
193,澎湖縣望安鄉西安村36之1號,澎湖縣望安鄉西安村9鄰望安36號之1,96432.503,2585241.171
194,澎湖縣望安鄉將軍村12之7號,澎湖縣望安鄉將軍村2鄰將軍澳12之7號,99285.121,2585469.71
195,澎湖縣七美鄉中和村4號,澎湖縣七美鄉中和村2鄰西崎頭4號;澎湖縣七美鄉中和村4鄰埔內4號,88828.616;89231.341,2568132.333;2567944.156
196,澎湖縣馬公市文光路17號,澎湖縣馬公市光明里33鄰文光路17號,103990.15,2608527.802
197,澎湖縣白沙鄉鳥嶼村1號,澎湖縣白沙鄉鳥嶼村1鄰鳥嶼漁港新村2號,113306.018,2618017.782
198,金門縣金城鎮民權路32號,金門縣金城鎮南門里25鄰民權路32號,-22525.556,2705452.028
199,金門縣金湖鎮太湖路三段1號,金門縣金湖鎮新市里29鄰太湖路三段1號,-11561.691,2705815.094
200,金門縣金寧鄉安岐1號,金門縣金寧鄉安美村10鄰安岐1號,-21068.354,2708223.907
201,金門縣金沙鎮汶沙里國中路61號,金門縣金沙鎮汶沙里24鄰國中路61號,-11998.727,2711807.593
202,金門縣烈嶼鄉后井38號,金門縣烈嶼鄉上林村10鄰后井38號,-29763.908,2705457.755
203,連江縣南竿鄉介壽村13號,連江縣南竿鄉介壽村1鄰13號,145007.68,2894731.25
204,連江縣南竿鄉馬祖村4號,連江縣南竿鄉馬祖村1鄰4號,142035.367,2894648.893
205,連江縣北竿鄉芹壁村84號,連江縣北竿鄉芹壁村3鄰84號,148129.936,2901764.338
206,連江縣莒光鄉青帆村19號,連江縣莒光鄉青帆村2鄰19號,143171.446,2873781.173
207,連江縣東引鄉中柳村94號,連江縣東引鄉中柳村4鄰94號,198950.208,2917406.116
208,新北市三峽區插角里插角路39號,新北市三峽區插角里15鄰東眼39號;新北市三峽區插角里2鄰插角39號,290337.109;290965.829,2749636.241;2751711.761
209,新北市三峽區有木里131號,新北市三峽區有木里6鄰有木131號,294197.958,2749594.617
210,新北市三峽區五寮里69號,新北市三峽區五寮里14鄰詩朗69號;新北市三峽區五寮里5鄰五寮69號,285963.688;286363.234,2749301.869;2750211.856
211,新北市萬里區瑪鋉路18號,新北市萬里區萬里里29鄰瑪鋉路18號,319367.481,2785468.33
212,新北市萬里區野柳里港東路167號,新北市萬里區野柳里6鄰港東167號,319477.084,2788729.245
213,新北市萬里區大鵬里加投路14號,新北市萬里區大鵬里1鄰頂社14號;新北市萬里區大鵬里23鄰下社14號;新北市萬里區大鵬里5鄰萬里加投14號,316101.847;315288.811;315587.837,2789157.456;2790045.092;2789065.928
214,新北市萬里區雙興里大坪路1號,找不到指定的門牌地址。,,
215,新北市萬里區崁?里崁?路59號,找不到指定的門牌地址。,,
216,新北市金山區中山路234號,新北市金山區美田里2鄰中山路234號,314134.664,2790625.488
217,新北市金山區萬壽里海興路49號,新北市金山區萬壽里2鄰海興路49號,313527.91,2792482.717
218,新北市金山區重和里十一鄰六股林口38號,新北市金山區重和里11鄰六股林口38號,310748.086,2790158.803
219,新北市石碇區石碇里石碇西街15號,新北市石碇區石碇里6鄰石碇西街15號,316521.151,2764860.711
220,新北市石碇區隆盛里八分寮5號,新北市石碇區隆盛里11鄰八分寮19號之1,314804.09,2767244.231
221,新北市石碇區永定里靜安路一段245號,新北市石碇區永定里9鄰靜安路一段245號,319444.116,2766817.27
222,新北市石碇區北宜路五段坑內巷1號,新北市石碇區格頭里9鄰北宜路五段坑內巷1號,314343.388,2760737.053
223,新北市坪林區坪林里坪林街114號,新北市坪林區坪林里2鄰坪林114號,321794.392,2758902.935
224,新北市烏來區啦卡路5號,新北市烏來區烏來里3鄰啦卡路5號,306005.822,2750721.396
225,新北市烏來區福山里李茂岸56號,新北市烏來區福山里2鄰李茂岸56號,300761.112,2741206.277
226,新北市瑞芳區龍山里逢甲路360號,新北市瑞芳區龍山里10鄰逢甲路360號,330893.063,2778544.302
227,新北市瑞芳區明燈路一段18巷13號,新北市瑞芳區柑坪里12鄰明燈路一段18巷13號,332979.414,2778145.404
228,新北市瑞芳區瑞濱路34號,新北市瑞芳區瑞濱里4鄰瑞濱路34號,332688.685,2779379.354
229,新北市瑞芳區永慶里崙頂路145號,新北市瑞芳區永慶里12鄰崙頂路145號,335030.655,2777916.182
230,新北市瑞芳區石山里五號路306號,新北市瑞芳區石山里4鄰五號路306號,336406.973,2778363.434
231,新北市瑞芳區?洞里洞頂路101巷80號,新北市瑞芳區?洞里11鄰洞頂路101巷80號,336731.219,2779605.714
232,新北市瑞芳區弓橋里九芎橋路69-1號,新北市瑞芳區弓橋里2鄰九芎橋路69之1號,334066.781,2776626.296
233,新北市瑞芳區四腳亭埔路23號,找不到指定的門牌地址。,,
234,新北市瑞芳區鼻頭里鼻頭路99號,新北市瑞芳區鼻頭里5鄰鼻頭路99號,342716.938,2779470.461
235,新北市雙溪區共和里東榮街54號,新北市雙溪區共和里7鄰東榮街54號,337490.725,2769770.961
236,新北市雙溪區長源里柑腳3號,新北市雙溪區長源里9鄰柑腳3號,331203.868,2767694.474
237,新北市雙溪區上林里內平林60號,新北市雙溪區上林里11鄰內平林60號,333960.918,2769251.275
238,新北市雙溪區三貂里政光路3號,新北市雙溪區三貂里11鄰政光3號;新北市雙溪區三貂里17鄰十三層3號;新北市雙溪區三貂里20鄰定福3號;新北市雙溪區三貂里4鄰頂坑3號;新北市雙溪區三貂里9鄰?子崙坑3號,335933.751;335927.358;335826.556;335188.478;335645.480,2772995.676;2774796.940;2773497.715;2772315.009;2772419.120
239,新北市貢寮區雙玉里學苑街7號,新北市貢寮區雙玉里10鄰學苑街7號,342354.853,2768528.175
240,新北市貢寮區福隆里東興街35號,新北市貢寮區福隆里5鄰東興街35號,345763.544,2768063.07
241,新北市貢寮區真理里延平街10號,新北市貢寮區真理里4鄰延平街10號,343292.236,2772176.035
242,新北市貢寮區和美里龍洞街1之9號,新北市貢寮區和美里15鄰龍洞街1之9號,342715.799,2778534.781
243,新北市貢寮區福連里福連街1號,新北市貢寮區福連里4鄰福連街1號,349765.868,2768003.892
244,新北市平溪區平溪街56號,新北市平溪區平溪里4鄰平溪街55號;新北市平溪區平溪里4鄰平溪街59號,324355.841;324479.277,2768965.457;2768994.910
245,新北市平溪區菁桐街45號,新北市平溪區菁桐里2鄰菁桐街43號;新北市平溪區菁桐里2鄰菁桐街47號,323342.370;323329.585,2768582.570;2768591.391
246,新北市平溪區十分里十分街157號,新北市平溪區十分里5鄰十分街156號;新北市平溪區十分里7鄰十分街158號,328493.685;328535.842,2770797.404;2770813.355
247,新北市石門區尖鹿里中央路9號,新北市石門區尖鹿里2鄰中央路9號,307110.044,2798235.473
248,新北市石門區茂林里茂林社區74號,新北市石門區茂林里10鄰茂林社區74號,309660.916,2795733.481
249,新北市石門區老梅里老梅路10號,新北市石門區老梅里6鄰老梅路9號;新北市石門區老梅里6鄰老梅路11號,304818.229;304823.978,2797988.369;2797985.519
250,新北市林口區嘉寶里22號,新北市林口區嘉寶里1鄰嘉溪雅坑22號,284221.806,2777821.142
251,新北市林口區下福里20鄰一○之一號,新北市林口區下福里20鄰下福10之1號;新北市林口區下福里20鄰下福12之1號;新北市林口區下福里20鄰下福14之1號,281566.853;281768.071;281639.026,2778262.244;2777994.319;2778047.894
252,新北市金山區忠孝一路111號,新北市金山區金美里16鄰忠孝一路111號,314030.356,2790411.927
253,新北市貢寮區美豐里雞母嶺街6-6號,新北市貢寮區美豐里12鄰雞母嶺街6之6號,340952.969,2773369.592
254,臺中市后里區泰安里安眉路5號,臺中市后里區泰安里2鄰安眉路5號,224675.227,2691067.116
255,臺中市外埔區土城里土城西路55號,臺中市外埔區土城里9鄰土城西路55號,220056.127,2693389.123
256,臺中市外埔區鐵山里長生路576號,臺中市外埔區鐵山里11鄰長生路576號,215139.047,2693722.705
257,臺中市外埔區中山里東西巷13號,臺中市外埔區中山里2鄰東西巷13號,215940.25,2692482.547
258,臺中市外埔區水美里二崁路390巷63號,臺中市外埔區水美里15鄰二崁路390巷63號,213104.87,2691202.29
259,臺中市東勢區茂興里石城街182巷26號,臺中市東勢區茂興里9鄰石城街182巷26號,228914.554,2686744.487
260,臺中市東勢區慶東里東關路五段600號,臺中市東勢區慶東里18鄰東關路五段581號;臺中市東勢區慶東里18鄰東關路五段615號,233672.925;233683.592,2677950.615;2678015.461
261,臺中市東勢區東坑路西盛巷22號,臺中市東勢區隆興里4鄰東坑路西盛巷22號,234817.063,2681350.488
262,臺中市東勢區東崎路4段92巷16號,臺中市東勢區中嵙里6鄰東崎路四段92巷16號,234900.865,2683514.604
263,臺中市東勢區上城街260號,臺中市東勢區上城里1鄰上城街256號;臺中市東勢區上城里1鄰上城街266號,233620.532;233638.574,2679599.335;2679606.437
264,臺中市東勢區明正里東蘭路永盛巷57-1號,臺中市東勢區明正里3鄰東蘭路永盛巷57之1號,228772.728,2689295.452
265,臺中市新社區東興里興社街一段國校巷13號,臺中市新社區東興里10鄰興社街一段國校巷13號,231692.415,2677928.719
266,臺中市新社區協成里興義街219號,臺中市新社區協成里12鄰興義街219號,230954.626,2676502.723
267,臺中市新社區福興里美林38號,臺中市新社區福興里4鄰美林38號,236220.318,2672700.537
268,臺中市新社區崑山里崑南街崑崙巷5-2號,臺中市新社區崑山里11鄰崑南街崑崙巷5之2號,228433.907,2681807.98
269,臺中市新社區中和里中興街129號,臺中市新社區中和里9鄰中興街130之1號,232532.1,2672469.104
270,臺中市清水區楊厝里鱉海路325號,臺中市清水區楊厝里3鄰鰲海路325號,210404.541,2687471.676
271,臺中市清水區東山里神清路6之1號,臺中市清水區東山里10鄰神清路6之1號,212879.752,2685673.258
272,臺中市大甲區和平路290號,臺中市大甲區德化里1鄰和平路288號;臺中市大甲區奉化里4鄰和平路387號,211878.924;211829.468,2695085.813;2695000.619
273,臺中市大甲區武陵里文曲路61號,臺中市大甲區武陵里9鄰文曲路61號,209466.814,2692340.383
274,臺中市大甲區幸福里東明路93號,臺中市大甲區幸福里7鄰東明路93號,217589.177,2696575.161
275,臺中市大甲區西岐里順帆路96號,臺中市大甲區西岐里6鄰順帆路96號,212323.561,2701621.975
276,臺中市大安區龜殼里3鄰中松路297號,臺中市大安區龜(?)里3鄰中松路297號,209463.17,2694727.27
277,臺中市大安區海墘里大安港路1100號,臺中市大安區海墘里1鄰大安港路1100號,208308.945,2697082.251
278,臺中市大安區永安里東西四路二段252號,臺中市大安區永安里4鄰東西四路二段252號,209992.744,2697447.1
279,臺中市烏日區溪尾里溪岸路26號,臺中市烏日區溪尾里4鄰溪岸路26號,213351.7,2659623.32
280,臺中市霧峰區峰谷里峰谷路496號,臺中市霧峰區峰谷里7鄰峰谷路496號,222048.286,2658881.639
281,臺中市霧峰區民生路675號,臺中市霧峰區桐林里5鄰民生路675號,223122.788,2662345.578
282,臺中市霧峰區豐正路566號,臺中市霧峰區北勢里6鄰豐正路560號;臺中市霧峰區南勢里9鄰豐正路571號,216392.617;216046.669,2659001.856;2659115.432
283,臺中市太平區黃竹里竹村路41號,臺中市太平區黃竹里5鄰竹村路41號,224848.14,2664291.22
284,臺中市太平區東汴里山田路100號,臺中市太平區東汴里10鄰山田路100號,229242.09,2668042.94
285,臺中市和平區南勢里東關路三段54號,臺中市和平區南勢里6鄰東關路三段54號,239387.366,2673963.595
286,臺中市新社區福興里福民16-7號,臺中市新社區福興里2鄰福民16之7號,237948.249,2673123.444
287,臺中市和平區天輪里東關路二路天輪巷42號,臺中市和平區天輪里4鄰東關路二段天輪巷42號;臺中市和平區天輪里5鄰東關路二段42號,242919.227;242537.502,2675346.768;2675181.879
288,臺中市和平區達觀里育英巷6號,臺中市和平區達觀里3鄰東崎路一段16之1號;臺中市和平區達觀里3鄰東崎路一段16之2號,242030.722;242136.151,2692221.298;2692148.047
289,臺中市和平區中坑里中坑巷41號,臺中市和平區中坑里4鄰雪山路22號,250755.009,2683241.581
290,臺中市和平區中興路三段環山3巷35號,臺中市和平區平等里15鄰中興路三段環山三巷35號,279794.994,2690192.064
291,臺中市和平區博愛里東關路一段松鶴三巷10號,臺中市和平區博愛里9鄰東關路一段松鶴三巷10號,247905.232,2674631.546
292,臺中市和平區自由里東崎路二段49號,臺中市和平區自由里5鄰東崎路二段49號,240757.544,2687297.112
293,臺中市和平區梨山里福壽路10號,臺中市和平區梨山里20鄰福壽路10號;臺中市和平區梨山里9鄰福壽路10號,276383.564;276383.564,2683367.473;2683367.473
294,臺中市清水區吳厝里吳厝路35號,臺中市清水區吳厝里5鄰吳厝路35號,209670.608,2684673.493
295,臺南市仁德區保安里文賢路一段886號,臺南市仁德區保安里9鄰文賢路一段886號,171601.17,2535923.82
296,臺南市仁德區中洲里中洲1之126號,臺南市仁德區中洲里10鄰中洲1之126號,174212.63,2534828.22
297,臺南市仁德區仁愛里保仁路68號,臺南市仁德區仁愛里1鄰保仁路68號,170244.694,2540087.712
298,臺南市仁德區成功里虎山一街100號,臺南市仁德區成功里5鄰虎山一街100號,171064.28,2538432.27
299,臺南市關廟區埤頭里關新路一段776號,臺南市關廟區埤頭里2鄰關新路一段776號,179159.27,2543823.25
300,臺南市關廟區田中里南雄南路568號,臺南市關廟區南雄里6鄰南雄南路568號,183548.04,2533829.25
301,臺南市關廟區布袋里長文街37號,臺南市關廟區布袋里5鄰長文街37號,183050.39,2535495.25
302,臺南市關廟區南雄路一段487號,臺南市關廟區深坑里6鄰南雄路一段487號,181619.747,2537779.308
303,臺南市關廟區新光街76號,臺南市關廟區新光里4鄰新光街76號,183675.12,2541335.25
304,臺南市龍崎區崎頂里新市子41號,臺南市龍崎區崎頂里1鄰新市子41號,184311.72,2540492.25
305,臺南市新化區知義里口埤88號,臺南市新化區知義里12鄰口埤88號,183248.6,2547236.25
306,臺南市山上區南洲里42號,臺南市山上區南洲里9鄰南洲41號之1;臺南市山上區南洲里9鄰南洲41之5號,183017.213;182883.290,2554742.065;2554377.290
307,臺南市玉井區層林里115號,臺南市玉井區層林里10鄰層林115號,191581.72,2553015.24
308,臺南市楠西區楠西里四維路69號,臺南市楠西區楠西里12鄰四維路69號,197295.31,2563661.25
309,臺南市南化區南化里17號,臺南市南化區南化里2鄰南化17號,195693.99,2549289.75
310,臺南市南化區北寮里110之27號,臺南市南化區北寮里4鄰北寮110號之27,197981.46,2552958.98
311,臺南市南化區西埔里117號,臺南市南化區西埔里6鄰西埔116號;臺南市南化區西埔里6鄰西埔121號,193281.690;193326.390,2549583.750;2549581.750
312,臺南市南化區玉山里48之1號,臺南市南化區玉山里3鄰玉山48之2號;臺南市南化區玉山里3鄰玉山48號之2,200786.760;200755.140,2552497.040;2552619.800
313,臺南市南化區關山里96號,臺南市南化區關山里3鄰西阿里關96號之1,208677.08,2563549.8
314,臺南市左鎮區中正里7號,臺南市左鎮區中正里1鄰中正7號,188921.31,2550626.25
315,臺南市左鎮區榮和里61之1號,臺南市左鎮區榮和里2鄰菜寮61號之1,187497.08,2551513.3
316,臺南市麻豆區南勢里86號,臺南市麻豆區南勢里5鄰南勢86號,174867.37,2565239.93
317,臺南市麻豆區安東里113號,找不到指定的門牌地址。,,
318,臺南市麻豆區北勢里15號,臺南市麻豆區北勢里2鄰加輦邦15號;臺南市麻豆區北勢里4鄰太子宅15號;臺南市麻豆區北勢里6鄰北勢寮15號,173335.180;173101.100;172222.860,2566230.150;2566034.750;2567245.240
319,臺南市麻豆區港尾里港尾9號,臺南市麻豆區港尾里1鄰謝榜寮9號;臺南市麻豆區港尾里2鄰客子寮9號;臺南市麻豆區港尾里5鄰港子尾9號;臺南市麻豆區港尾里7鄰營後9號,168075.640;169679.660;168787.580;167876.340,2566291.030;2568213.700;2567248.600;2567645.600
320,臺南市麻豆區謝安里231號,找不到指定的門牌地址。,,
321,臺南市佳里區頂?里136號,找不到指定的門牌地址。,,
322,臺南市佳里區塭內里塭子內40號,臺南市佳里區塭內里3鄰塭子內40號,164476.05,2558435.12
323,臺南市佳里區三協里潭墘5號,臺南市佳里區子龍里14鄰潭墘5號,168292.64,2563798
324,臺南市佳里區通興里埔頂5之1號,臺南市佳里區塭內里14鄰埔頂5號之2,163845.97,2560470.16
325,臺南市西港區檨林里39之1號,找不到指定的門牌地址。,,
326,臺南市七股區大埕里395號,臺南市七股區大埕里8鄰大埕395號,161764.12,2559986.09
327,臺南市七股區大潭里台潭1號,臺南市七股區大潭里1鄰臺潭1號,161636.49,2564980.83
328,臺南市七股區竹橋里130號,臺南市七股區竹橋里6鄰竹橋130號,163837.88,2555798.25
329,臺南市七股區三股里100號,臺南市七股區三股里5鄰三股99號之1;臺南市七股區三股里5鄰三股99號之2;臺南市七股區三股里5鄰三股99號之8;臺南市七股區三股里6鄰三股101號之1;臺南市七股區三股里6鄰三股101號之10;臺南市七股區三股里6鄰三股101號之11;臺南市七股區三股里6鄰三股101號之12;臺南市七股區三股里6鄰三股101號之13;臺南市七股區三股里6鄰三股101號之14;臺南市七股區三股里6鄰三股101號之15,159717.700;159716.110;159716.110;159212.060;159185.490;159181.280;159201.860;159201.820;159201.790;159201.760,2555863.510;2555869.860;2555872.240;2555855.660;2555854.670;2555854.690;2555838.650;2555834.450;2555830.240;2555826.040
330,臺南市七股區?埕里?埕1號,臺南市七股區七股里7鄰七股1號;臺南市七股區十份里1鄰十份1號;臺南市七股區三股里7鄰海埔1號;臺南市七股區大埕里3鄰大埕1號;臺南市七股區三股里1鄰三股1號;臺南市七股區大潭里1鄰臺潭1號;臺南市七股區大埕里15鄰大寮1號;臺南市七股區後港里1鄰港東1號;臺南市七股區義合里1鄰義合1號;臺南市七股區後港里4鄰港西1號,161325.490;158659.603;154948.060;163254.250;159913.940;161636.490;162888.640;163205.600;163068.330;162469.470,2558703.410;2555543.346;2556246.290;2561237.150;2555629.800;2564980.830;2560948.520;2564438.450;2556394.280;2564727.180
331,臺南市七股區篤加里120號,臺南市七股區篤加里7鄰篤加120號,161464.26,2562365.31
332,臺南市七股區龍山里12號,臺南市七股區龍山里2鄰龍山12號,159444.35,2559740.59
333,臺南市七股區十份里74之1號,臺南市七股區十份里4鄰十份74號之1,157696.17,2554969.79
334,臺南市七股區大埕里大寮36之2號,臺南市七股區大埕里16鄰大寮36號之2,163314.88,2561198.21
335,臺南市七股區樹林里65之11號,臺南市七股區樹林里8鄰樹林65號之11,163401.98,2556881.17
336,臺南市將軍區將貴里58號,找不到指定的門牌地址。,,
337,臺南市將軍區苓和里132號,找不到指定的門牌地址。,,
338,臺南市將軍區鯤溟里6號,臺南市將軍區鯤溟里1鄰鯤溟6號,156720.52,2565482.4
339,臺南市將軍區長沙里132之2號,臺南市將軍區長沙里7鄰長沙132之2號,158568.83,2568782.67
340,臺南市北門區北門里舊埕3號,臺南市北門區北門里3鄰舊埕3號,160489.15,2573933.13
341,臺南市北門區鯤江里791號,找不到指定的門牌地址。,,
342,臺南市北門區文山里4鄰溪底寮50號,臺南市北門區文山里4鄰溪底寮50號,160583.65,2571261.93
343,臺南市北門區錦湖里75號,臺南市北門區錦湖里8鄰渡子頭75號,165029.67,2577443.2
344,臺南市北門區雙春里35之2號,臺南市北門區雙春里4鄰雙春35號之2,160512.53,2577920.61
345,臺南市北門區慈安里381號,臺南市北門區慈安里1鄰三寮灣381號,158898.33,2571049.78
346,臺南市學甲區宅港里13號,臺南市學甲區宅港里1鄰宅子港13號;臺南市學甲區宅港里7鄰德安寮13號,168562.080;167295.800,2573057.720;2572131.700
347,臺南市學甲區三慶里頂洲108號,臺南市學甲區三慶里3鄰頂洲108號,168280.43,2576347.38
348,臺南市下營區賀建里麻豆寮49號,臺南市下營區賀建里3鄰麻豆寮49號,178052.57,2572628.81
349,臺南市下營區紅甲里71號,臺南市下營區紅甲里12鄰十六甲71號;臺南市下營區紅甲里15鄰中庄子71號;臺南市下營區紅甲里7鄰紅毛厝71號,175722.770;175539.790;175037.020,2572111.960;2572158.000;2571736.910
350,臺南市官田區官田里11號,臺南市官田區官田里10鄰官田11號;臺南市官田區官田里13鄰中?11號,182639.150;183460.700,2565335.950;2566432.160
351,臺南市六甲區龍湖里珊瑚路301號,臺南市六甲區七甲里1鄰珊瑚路301號,185020.49,2568508.5
352,臺南市官田區拔林里77之1號,找不到指定的門牌地址。,,
353,臺南市大內區大內里63號,臺南市大內區大內里5鄰內庄63號,184566.76,2557585.53
354,臺南市大內區二溪里154號,臺南市大內區二溪里8鄰二重溪154號,187793.24,2557968.31
355,臺南市新營區鐵線里1號,找不到指定的門牌地址。,,
356,臺南市新營區太南里316號,臺南市新營區太南里17鄰太子宮316號,175936.99,2576247.99
357,臺南市新營區姑爺里52號,臺南市新營區姑爺里4鄰角帶圍52號;臺南市新營區姑爺里6鄰姑爺52號;臺南市新營區姑爺里8鄰挖仔52號,174820.573;174175.720;173910.670,2575834.007;2574979.980;2575566.080
358,臺南市新營區土庫里71之1號,臺南市新營區土庫里8鄰土庫71之1號,183032.91,2579870.75
359,臺南市鹽水區歡雅里31號,臺南市鹽水區歡雅里2鄰歡雅31號,172599.14,2576884.85
360,臺南市鹽水區?頭港里202號,找不到指定的門牌地址。,,
361,臺南市鹽水區竹林里92-1號,臺南市鹽水區竹林里5鄰竹子?92號之1,172875.48,2574081.49
362,臺南市鹽水區三明里舊營117號,臺南市鹽水區三明里3鄰舊營117號,174054.4,2577727.44
363,臺南市鹽水區岸內里新岸內96號,臺南市鹽水區岸內里10鄰新岸內96號,174417.18,2580993.07
364,臺南市鹽水區文昌里10-3號,臺南市鹽水區文昌里7鄰番子寮10之3號,171615.56,2577632.19
365,臺南市白河區玉豐里85號,找不到指定的門牌地址。,,
366,臺南市白河區竹門里113號,臺南市白河區竹門里8鄰竹子門113號,193257.08,2586134.49
367,臺南市白河區內角里1號,臺南市白河區內角里1鄰內角1號,192850.8,2588423.63
368,臺南市白河區仙草里22號,臺南市白河區仙草里3鄰仙草22號;臺南市白河區仙草里9鄰岩前22號,196194.850;195722.360,2582495.300;2582159.620
369,臺南市白河區河東里83之1號,臺南市白河區河東里6鄰糞箕湖83之1號,192510.75,2582550.35
370,臺南市白河區大竹里3號,臺南市白河區大竹里1鄰大排竹3號之3;臺南市白河區大竹里1鄰大排竹3之10號;臺南市白河區大竹里1鄰大排竹3之11號;臺南市白河區大竹里1鄰大排竹3之12號;臺南市白河區大竹里1鄰大排竹3之13號;臺南市白河區大竹里1鄰大排竹3之14號;臺南市白河區大竹里1鄰大排竹3之25號;臺南市白河區大竹里1鄰大排竹3之28號;臺南市白河區大竹里1鄰大排竹3之30號;臺南市白河區大竹里1鄰大排竹3之32號,190081.710;189905.890;189934.100;189932.680;189931.270;189929.780;190062.040;189998.250;189980.350;190025.700,2585189.590;2585090.750;2585109.560;2585105.170;2585100.990;2585096.670;2585149.380;2585089.550;2585076.470;2585069.120
371,臺南市柳營區果毅里61號,臺南市柳營區果毅里4鄰果毅後61號,185732.23,2572988.7
372,臺南市柳營區太康里4之1號,臺南市柳營區太康里1鄰太康4號之1,181402.69,2576630.98
373,臺南市柳營區旭山里新吉庄28之1號,臺南市柳營區旭山里2鄰新吉庄28之2號,187312.34,2573899.91
374,臺南市後壁區墨林里282號,找不到指定的門牌地址。,,
375,臺南市後壁區長安里5號,臺南市後壁區長安里2鄰下寮5號,184245.6,2581107.71
376,臺南市後壁區仕安里81號,找不到指定的門牌地址。,,
377,臺南市後壁區嘉田里48之5號,找不到指定的門牌地址。,,
378,臺南市後壁區新嘉里210之2號,臺南市後壁區新嘉里8鄰白沙屯210號之2,179426.91,2585771.81
379,臺南市後壁區烏樹里145號,找不到指定的門牌地址。,,
380,臺南市東山區聖賢里田尾29號,臺南市東山區聖賢里6鄰田尾27號之1;臺南市東山區聖賢里6鄰田尾27之2號;臺南市東山區聖賢里7鄰田尾30號之1;臺南市東山區聖賢里7鄰田尾30號之2,184695.560;184723.240;184691.690;184691.460,2578258.560;2578241.240;2578288.190;2578292.520
381,臺南市東山區東原里23鄰8號,臺南市東山區東原里10鄰班芝花坑8號;臺南市東山區東原里12鄰瓦厝子8號;臺南市東山區東原里7鄰前大埔8號,192682.830;193560.950;193417.820,2575669.270;2574350.550;2573840.520
382,臺南市東山區青山里16號,臺南市東山區青山里2鄰青山16號,195559.11,2575408.78
383,臺南市東山區東河里15號,臺南市東山區東河里1鄰吉貝耍15號,187230.29,2577046.6
384,臺南市南區鯤鯓里鯤鯓路147號,臺南市南區鯤鯓里3鄰鯤鯓路147號,164843.18,2540247.25
385,臺南市安南區青砂街二段105巷32號,臺南市安南區青草里1鄰青砂街二段105巷32號,159484.41,2553074.41
386,臺南市安南區大眾路381號,臺南市安南區四草里3鄰大眾路381號,161281.398,2546655.842
387,臺南市安南區顯宮二街1號,臺南市安南區鹿耳里3鄰顯宮二街1號,160480.08,2548578.16
388,臺南市安南區公學路五段627號,臺南市安南區南興里4鄰公學路五段626號;臺南市安南區南興里4鄰公學路五段630號,164058.880;164050.400,2552710.330;2552718.420
389,臺南市安南區公學路六段589號,臺南市安南區學東里5鄰公學路六段589號,162452.17,2553200.4
390,高雄市大樹區興田里興田路59號,高雄市大樹區興田里7鄰興田路59號,193096.06,2515655.56
391,高雄市大樹區龍目里56號,高雄市大樹區龍目里6鄰龍目路56號,189228.15,2509912.29
392,高雄市大社區嘉誠里嘉誠路22號,高雄市大社區嘉誠里1鄰嘉誠路22號,186314.49,2516553.62
393,高雄市燕巢區深水里深中路2號,高雄市燕巢區深水里25鄰深中路2號,188933.273,2519717.038
394,高雄市燕巢區金山里番田路29號,高雄市燕巢區金山里10鄰番田路29號,188209.66,2523569.525
395,高雄市田寮區新興里大新路2號,高雄市田寮區新興里5鄰大新路2之1號,185307.18,2526205.006
396,高雄市田寮區崇德里崇德路101號,高雄市田寮區崇德里14鄰崇德路98號;高雄市田寮區崇德里14鄰崇德路104號,186409.860;186383.525,2530941.975;2530945.884
397,高雄市路竹區三爺里民權路7號,高雄市路竹區三爺里11鄰民權路7號,176115.88,2526388.68
398,高雄市路竹區北嶺里民治路85號,高雄市路竹區北嶺里8鄰民治路85號,175043.57,2524924.85
399,高雄市湖內區中正路二段544號,高雄市湖內區忠興里2鄰中正路二段544號,167817.668,2534615.616
400,高雄市永安區新港里新興路25號,高雄市永安區新港里6鄰新興路25之4號;高雄市永安區新港里6鄰新興路25之6號;高雄市永安區新港里6鄰新興路25之7號;高雄市永安區新港里6鄰新興路25之8號,168724.976;168709.503;168702.321;168703.155,2524836.777;2524829.739;2524827.534;2524857.515
401,高雄市美濃區東門里民族路36巷2號,高雄市美濃區東門里1鄰民族路36巷2號,204160.806,2533260.821
402,高雄市美濃區龍肚里龍東街43號,高雄市美濃區龍肚里10鄰龍東街43號,206907.541,2531704.794
403,高雄市美濃區興隆里廣興街124號,高雄市美濃區興隆里3鄰廣興街124號,205663.057,2535216.239
404,高雄市美濃區龍山里龍山街62號,高雄市美濃區龍山里22鄰龍山街62號,204464.096,2529347.397
405,高雄市美濃區中山路二段358號,高雄市美濃區福安里16鄰中山路二段358號,200674.532,2533022.125
406,高雄市美濃區吉東里吉頂路19號,高雄市美濃區吉東里11鄰上九寮19號;高雄市美濃區吉東里15鄰六寮19號;高雄市美濃區吉東里3鄰吉頂19號;高雄市美濃區吉東里8鄰吉山19號,202362.809;202629.906;203451.289;204069.331,2528243.147;2529064.524;2528126.371;2528170.872
407,高雄市六龜區義寶里光復路40號,高雄市六龜區義寶里2鄰光復路40號,212501.213,2543915.552
408,高雄市六龜區荖濃里南橫路72號,高雄市六龜區荖濃里11鄰南橫路72號,216440.901,2552465.374
409,高雄市六龜區新發里和平路130號,高雄市六龜區新發里11鄰和平路130號,215406.748,2547842.41
410,高雄市六龜區中興里中庄193號,高雄市六龜區中興里14鄰中庄193號,213637.873,2543598.515
411,高雄市六龜區新興里新威路212號,高雄市六龜區新興里1鄰新威212之32號,211799.173,2533269.515
412,高雄市六龜區寶來里中正路89號,高雄市六龜區寶來里5鄰中正路89號,219365.27,2556365.77
413,高雄市杉林區月眉里象寮巷39號,高雄市杉林區月眉里3鄰內寮39號,204877.079,2539878.204
414,高雄市杉林區上平里山仙路212號,高雄市杉林區上平里16鄰山仙路212號,203253.493,2541792.637
415,高雄市杉林區新庄里司馬路45巷5號,高雄市杉林區新庄里5鄰司馬路45巷5號,204857.936,2543144.064
416,高雄市杉林區集來里通仙巷333號,高雄市杉林區集來里16鄰通仙巷333號,205055.343,2546813.221
417,高雄市杉林區杉林里合森巷41號,高雄市杉林區杉林里12鄰合森巷41號,203670.518,2544143.607
418,高雄市內門區內豊里內埔24號,高雄市內門區內豊里9鄰內埔24號,194733.306,2537668.393
419,高雄市內門區觀亭里中正路203號,高雄市內門區觀亭里10鄰中正路203號,193943.894,2535254.534
420,高雄市內門區溝坪里廣福巷47號,高雄市內門區溝坪里10鄰華園47號;高雄市內門區溝坪里2鄰廣福47號,198496.137;198867.091,2544534.432;2543631.586
421,高雄市內門區金竹里吉民28號,高雄市內門區金竹里5鄰吉民28號,200234.621,2545377.338
422,高雄市內門區木柵里木柵3號,高雄市內門區木柵里6鄰木柵3號,195438.741,2541651.973
423,高雄市內門區內東里柿子園24號,高雄市內門區內東里9鄰柿子園24號,191569.114,2535547.604
424,高雄市內門區永富里萊坑8號,高雄市內門區永富里6鄰萊坑8號,198135.411,2539496.225
425,高雄市甲仙區西安里文化路45號,高雄市甲仙區西安里7鄰文化路45號,207881.374,2553360.93
426,高雄市甲仙區小林里五里路24-2號,高雄市甲仙區小林里6鄰五里路24之2號,212319.773,2560783.057
427,高雄市甲仙區寶隆里光華路20號,高雄市甲仙區寶隆里7鄰光華路20號,204450.22,2549816.45
428,高雄市杉林區大愛里和氣街15號,高雄市杉林區大愛里5鄰和氣街15號,202713.17,2540369.39
429,高雄市那瑪夏區達卡努瓦里大光巷159號,高雄市那瑪夏區達卡努瓦里7鄰大光巷159號,221494.672,2574910.94
430,高雄市茂林區茂林里4之3號,高雄市茂林區茂林里1鄰茂林巷4之3號,215587.395,2531714.639
431,高雄市茂林區多納里1-2號,高雄市茂林區多納里1鄰多納巷1之2號,220895.159,2534375.514
432,高雄市桃源區桃源里北進巷五十號,高雄市桃源區桃源里2鄰北進巷50號,226015.515,2562072.166
433,高雄市桃源區建山里96號,高雄市桃源區建山里5鄰建山巷96號,217474.425,2555979.328
434,高雄市桃源區高中里興中巷44號,高雄市桃源區高中里2鄰興中巷44號,221224.342,2558547.305
435,高雄市桃源區寶山里98號,高雄市桃源區寶山里7鄰寶山巷98號,221518.922,2550442.923
436,高雄市桃源區拉芙蘭里南橫公路五段440號,高雄市桃源區拉芙蘭里1鄰南橫公路五段440號,231517.437,2572284.631
437,高雄市那瑪夏區瑪雅里平和巷220號,高雄市那瑪夏區瑪雅里6鄰平和巷220號,219558.197,2571696.866
438,宜蘭縣蘇澳鎮南澳路85號,宜蘭縣蘇澳鎮南強里9鄰南澳路85號,331407.07,2706725.04
439,宜蘭縣頭城鎮濱海路4段250號,宜蘭縣頭城鎮合興里4鄰濱海路四段250號,339531.522,2758917.646
440,宜蘭縣頭城鎮濱海路七段65號,宜蘭縣頭城鎮石城里10鄰濱海路七段65號,343501.062,2762808.308
441,宜蘭縣三星鄉天山村福山街119號,宜蘭縣三星鄉天山村13鄰福山街118之2號;宜蘭縣三星鄉天山村13鄰福山街134之1號;宜蘭縣三星鄉天山村13鄰福山街134之2號;宜蘭縣三星鄉天山村13鄰福山街134之3號,312619.072;312585.744;312502.520;312497.830,2728351.181;2728321.850;2728258.710;2728263.870
442,宜蘭縣大同鄉四季村和勳巷1號,宜蘭縣大同鄉四季村5鄰和勳巷1號,293208.3,2709202.88
443,宜蘭縣大同鄉南山村四鄰埤南巷31之3號,宜蘭縣大同鄉南山村4鄰埤南巷31之3號,288566.91,2703516.02
444,宜蘭縣大同鄉崙埤村10之9號,宜蘭縣大同鄉崙埤村4鄰朝陽10之9號,311622.21,2730300.35
445,宜蘭縣大同鄉寒溪村寒溪巷16號,宜蘭縣大同鄉寒溪村6鄰寒溪巷16號,319601.97,2722677.06
446,宜蘭縣南澳鄉南澳村中正路15號,宜蘭縣南澳鄉南澳村3鄰中正路15號,331157.94,2707011.88
447,宜蘭縣南澳鄉碧候村自覺巷38號,宜蘭縣南澳鄉碧候村10鄰碧侯路自覺巷38號;宜蘭縣南澳鄉碧候村8鄰碧候路自覺巷38號,329541.851;329542.570,2707757.695;2707758.110
448,宜蘭縣南澳鄉武塔村新溪路1號,宜蘭縣南澳鄉武塔村1鄰新溪路1號,328936.23,2704594.18
449,宜蘭縣南澳鄉澳花村中央路19號,宜蘭縣南澳鄉澳花村6鄰中央路19號,325053.65,2691693.82
450,宜蘭縣南澳鄉東岳村蘇花路三段209號,宜蘭縣南澳鄉東岳村5鄰蘇花路三段209號,334404.96,2713040.11
451,宜蘭縣南澳鄉金岳村 (路) 二號,宜蘭縣南澳鄉金岳村6鄰鹿皮路1號之1;宜蘭縣南澳鄉金岳村4鄰金岳路1之1號;宜蘭縣南澳鄉金岳村4鄰金岳路1之2號;宜蘭縣南澳鄉金岳村4鄰金岳路1之3號;宜蘭縣南澳鄉金岳村6鄰鹿皮路1之5號;宜蘭縣南澳鄉金岳村6鄰鹿皮路1之8號;宜蘭縣南澳鄉金岳村6鄰鹿皮路1之25號;宜蘭縣南澳鄉金岳村6鄰鹿皮路1之30號;宜蘭縣南澳鄉金岳村6鄰鹿皮路1之33號;宜蘭縣南澳鄉金岳村6鄰鹿皮路2之1號,328281.780;328674.620;328693.080;328712.340;328094.090;328094.884;327889.500;327809.870;327738.168;328469.750,2707234.350;2707346.920;2707359.740;2707358.770;2707292.300;2707208.427;2707081.840;2707064.570;2707079.784;2707311.948
452,宜蘭縣南澳鄉金洋村11號,宜蘭縣南澳鄉金洋村1鄰金洋路11號;宜蘭縣南澳鄉金洋村6鄰博愛路11號,325986.440;325934.240,2702401.020;2702520.210
453,桃園市大園區沙崙里九鄰75號之2,桃園市大園區沙崙里9鄰沙崙75之1號,272448.03,2776113.6
454,桃園市龜山區龍壽里龍校街30號,桃園市龜山區龍壽里7鄰龍校街29號;桃園市龜山區龍壽里7鄰龍校街31號,289194.420;289194.270,2767103.040;2767096.050
455,桃園市大溪區環湖路二段845號,桃園市大溪區復興里3鄰環湖路二段845號,281436.79,2746258.41
456,桃園市新屋區清華里新文路762號,桃園市新屋區清華里3鄰新文路706號;桃園市新屋區清華里3鄰新文路780號,261709.560;261772.570,2763407.790;2763449.960
457,桃園市新屋區笨港里2鄰文學路22號,桃園市新屋區笨港里6鄰文學路389號,251855.54,2762779.14
458,桃園市新屋區石牌里東興路780號,桃園市新屋區石牌里3鄰東興路二段780號,255004.18,2766314.25
459,桃園市新屋區後庄村三鄰文化路一段636號,桃園市新屋區後庄里3鄰文化路一段636號,250867.42,2760032.81
460,桃園市新屋區社子里社福路235號,桃園市新屋區社子里10鄰社福路235號,256813.27,2761119.48
461,桃園市觀音區大潭里濱海路大潭段687號,桃園市觀音區大潭里10鄰濱海路大潭段687號,255919.15,2768200.46
462,桃園市觀音區保生里十四鄰5號,桃園市觀音區保生里1鄰對面厝5號,255225.58,2768297.58
463,桃園市觀音區坑尾里四鄰23之1號,桃園市觀音區坑尾里4鄰坑尾23號,260208.69,2767426.22
464,桃園市觀音區樹林里新里路二段12號,桃園市觀音區樹林里20鄰新村路二段12號,262933.02,2772669.42
465,桃園市龍潭區龍新路三和段1356號,桃園市龍潭區三和里12鄰龍新路三和段1356號,266930,2748917.39
466,桃園市復興區澤仁里中正路33號,桃園市復興區澤仁里13鄰中正路33號,285473.89,2745386.07
467,桃園市復興區三民里十一鄰57號,桃園市復興區三民里11鄰水流東57號;桃園市復興區三民里15鄰基國派路57號;桃園市復興區三民里9鄰枕頭山57號,283445.750;283714.410;282822.270,2747269.430;2747334.050;2745060.770
468,桃園市復興區義盛里一鄰11號,桃園市復興區義盛里1鄰下宇內11號;桃園市復興區義盛里4鄰卡普11號;桃園市復興區義盛里5鄰卡普11號;桃園市復興區義盛里8鄰大利幹11號,288363.060;289426.850;289428.280;287382.390,2742676.100;2743238.100;2743237.630;2742204.490
469,桃園市復興區霞雲里六鄰14號,桃園市復興區霞雲里3鄰志繼14號;桃園市復興區霞雲里5鄰佳志14號;桃園市復興區霞雲里6鄰霞雲14號,288553.660;289393.710;288768.500,2746083.880;2746794.090;2745542.330
470,桃園市復興區奎輝里三鄰25號,桃園市復興區奎輝里6鄰上奎輝25號,282425.65,2741635.86
471,桃園市復興區華陵里四鄰12號,桃園市復興區華陵里2鄰嘎拉賀12號;桃園市復興區華陵里4鄰哈嘎灣12號;桃園市復興區華陵里7鄰巴崚12號,290979.540;290439.630;288898.980,2725653.210;2727663.490;2730163.660
472,桃園市復興區高義里三鄰28號,桃園市復興區高義里3鄰高義蘭28號,286462.86,2733889.96
473,桃園市復興區長興里十六鄰頭角43號,桃園市復興區長興里10鄰頭角40號;桃園市復興區長興里11鄰頭角48號,281022.400;281260.450,2743552.180;2743822.760
474,桃園市復興區三光里四鄰8號,桃園市復興區三光里1鄰鐵立庫8號;桃園市復興區三光里2鄰砂崙子8號;桃園市復興區三光里7鄰爺亨8號;桃園市復興區三光里8鄰爺亨8號,285961.180;285779.370;287789.570;287859.490,2728357.700;2729334.490;2729359.960;2729279.660
475,桃園市復興區羅浮里三鄰16號,桃園市復興區羅浮里1鄰合流16號;桃園市復興區羅浮里3鄰羅浮16號;桃園市復興區羅浮里7鄰高坡16號,287196.230;286894.930;285924.940,2744315.610;2743327.540;2740445.730
476,桃園市復興區華陵里九鄰75號,桃園市復興區華陵里9鄰巴崚75號,290206.82,2731020.93
477,新竹縣關西鎮金山里107號,新竹縣關西鎮金山里11鄰馬武督107號,272786.201,2740175.093
478,新竹縣關西鎮玉山里四鄰25號,新竹縣關西鎮玉山里4鄰赤柯山23號之1;新竹縣關西鎮玉山里4鄰赤柯山23號之2;新竹縣關西鎮玉山里4鄰赤柯山23號之3;新竹縣關西鎮玉山里4鄰赤柯山26之1號,271070.665;271046.058;271058.229;271039.780,2738941.174;2738992.238;2738998.059;2738713.660
479,新竹縣新埔鎮清水里143號,新竹縣新埔鎮清水里7鄰汶水坑143號,263765.292,2751059.377
480,新竹縣竹東鎮陸豐里48號,新竹縣竹東鎮陸豐里4鄰荳子埔48號,257799.022,2739849.76
481,新竹縣竹東鎮上坪里43號,新竹縣竹東鎮上坪里4鄰上坪43號,262327.017,2728319.663
482,新竹縣橫山鄉田寮村田洋街128號,新竹縣橫山鄉田寮村8鄰田洋街126號;新竹縣橫山鄉田寮村8鄰田洋街131號,260717.192;260736.011,2733130.497;2733143.892
483,新竹縣寶山鄉寶山村寶山路二段130號,新竹縣寶山鄉寶山村8鄰寶山路二段130號,252236.649,2737021.185
484,新竹縣北埔鄉外坪村一鄰8號,新竹縣北埔鄉外坪村1鄰外大坪8號;新竹縣北埔鄉外坪村8鄰六股8號,255982.923;259259.097,2729807.713;2727096.225
485,新竹縣尖石鄉嘉樂村六鄰7號,新竹縣尖石鄉嘉樂村1鄰砂坪7號;新竹縣尖石鄉嘉樂村2鄰麥樹仁7號;新竹縣尖石鄉嘉樂村6鄰嘉樂7號,269492.768;270200.306;272885.608,2732463.700;2733019.060;2735752.454
486,新竹縣尖石鄉嘉樂村三鄰177號,新竹縣尖石鄉嘉樂村3鄰麥樹仁177號,271319.706,2733148.24
487,新竹縣尖石鄉新樂村一鄰10號,新竹縣尖石鄉新樂村1鄰水田10號,275336.492,2736088.462
488,新竹縣尖石鄉梅花村1鄰25號,新竹縣尖石鄉梅花村1鄰梅花25號,271145.952,2730106.331
489,新竹縣尖石鄉錦屏村十鄰116號,新竹縣尖石鄉錦屏村10鄰那羅116號,274975.23,2730385.066
490,新竹縣尖石鄉玉峰村五鄰59號,新竹縣尖石鄉玉峰村5鄰玉峰59號,280486.753,2728165.57
491,新竹縣尖石鄉玉峰村十鄰49號,新竹縣尖石鄉玉峰村10鄰石磊49號;新竹縣尖石鄉玉峰村13鄰抬擢49號,283039.911;285442.255,2727665.272;2728196.953
492,新竹縣尖石鄉秀巒村四鄰19號,新竹縣尖石鄉秀巒村10鄰錦路19號;新竹縣尖石鄉秀巒村12鄰養老19號;新竹縣尖石鄉秀巒村1鄰田埔19號;新竹縣尖石鄉秀巒村4鄰控溪19號;新竹縣尖石鄉秀巒村8鄰斯馬庫斯19號,277530.703;277130.442;278141.955;278923.448;280727.122,2721755.987;2720169.069;2725986.954;2723520.106;2719233.067
493,新竹縣尖石鄉秀巒村八鄰17號,新竹縣尖石鄉秀巒村12鄰養老17號;新竹縣尖石鄉秀巒村1鄰田埔17號;新竹縣尖石鄉秀巒村6鄰泰崗17號;新竹縣尖石鄉秀巒村8鄰斯馬庫斯17號;新竹縣尖石鄉秀巒村9鄰鎮西堡17號,277145.655;278149.455;279913.607;280705.691;280895.111,2720186.928;2725999.553;2723253.071;2719282.015;2718501.683
494,新竹縣五峰鄉大隘村六鄰123號,新竹縣五峰鄉大隘村6鄰五峰123之2號;新竹縣五峰鄉大隘村6鄰五峰123之6號;新竹縣五峰鄉大隘村6鄰五峰123之13號;新竹縣五峰鄉大隘村6鄰五峰123之15號;新竹縣五峰鄉大隘村6鄰五峰123之19號;新竹縣五峰鄉大隘村6鄰五峰123之20號;新竹縣五峰鄉大隘村6鄰五峰123之21號;新竹縣五峰鄉大隘村6鄰五峰123之23號;新竹縣五峰鄉大隘村6鄰五峰123之30號,262000.606;261825.870;261502.323;261525.240;261528.706;261493.143;261595.363;261180.809;261546.312,2724887.987;2724972.830;2725056.029;2725089.417;2725253.246;2725188.425;2725144.176;2725448.233;2725390.828
495,新竹縣五峰鄉桃山村15鄰243號,新竹縣五峰鄉桃山村15鄰清泉242之1號,260754.59,2718724.94
496,新竹縣五峰鄉花園村八鄰174號,新竹縣五峰鄉花園村8鄰花園172號;新竹縣五峰鄉花園村8鄰花園176號,265337.627;265362.364,2726782.020;2726808.830
497,苗栗縣公館鄉開礦村九鄰143號,苗栗縣公館鄉開礦村9鄰開礦143號,236154.019,2706095.763
498,苗栗縣公館鄉南河村二鄰21號,苗栗縣公館鄉南河村2鄰南河21號,235092.18,2713804.74
499,苗栗縣銅鑼鄉新隆村18號,苗栗縣銅鑼鄉新隆村2鄰新隆18號,230631.27,2702621.374
500,苗栗縣三義鄉鯉魚潭村上山下24號,苗栗縣三義鄉鯉魚潭村11鄰上山下22號;苗栗縣三義鄉鯉魚潭村11鄰上山下27號,226270.980;226273.724,2693131.900;2693117.594
501,苗栗縣苑裡鎮蕉埔里八鄰87之2號,苗栗縣苑裡鎮蕉埔里8鄰蕉埔87之2號,220939.861,2700812.753
502,苗栗縣通霄鎮南和里117號,苗栗縣通霄鎮南和里9鄰南和117號,221717.805,2704676.299
503,苗栗縣通霄鎮坪頂里四鄰50號,苗栗縣通霄鎮坪頂里5鄰坪頂50號,220155.124,2704516.925
504,苗栗縣通霄鎮福興里58之2號,苗栗縣通霄鎮福興里6鄰福興58之2號,222401.192,2702183.17
505,苗栗縣南庄鄉東村文化路3號,苗栗縣南庄鄉東村15鄰文化路3號,249929.67,2721513.64
506,苗栗縣南庄鄉田美村九鄰191號,苗栗縣南庄鄉田美村9鄰田美191號,250858.76,2724723.66
507,苗栗縣南庄鄉南富村134號,苗栗縣南庄鄉南富村9鄰大南埔134號,247273.08,2725370.98
508,苗栗縣南庄鄉東河村三鄰132號,苗栗縣南庄鄉東河村7鄰東興新村132號;苗栗縣南庄鄉東河村9鄰東河132號,254090.810;255452.834,2721539.140;2722191.539
509,苗栗縣南庄鄉蓬萊村19鄰118號,苗栗縣南庄鄉蓬萊村19鄰紅毛館118號,247043.643,2715139.401
510,苗栗縣大湖鄉大南村7鄰大南勢15號,苗栗縣大湖鄉大南村7鄰大南勢15號,240110.29,2700517.12
511,苗栗縣大湖鄉東興村下湖37號,苗栗縣大湖鄉東興村9鄰下湖37號,238067.66,2697157.66
512,苗栗縣大湖鄉義和村淋漓坪77號,苗栗縣大湖鄉義和村7鄰淋漓坪77號,236574.35,2697417.85
513,苗栗縣大湖鄉新開村25號,苗栗縣大湖鄉新開村14鄰三十二份25號;苗栗縣大湖鄉新開村4鄰新開25號,229464.410;232408.740,2694055.240;2693559.730
514,苗栗縣大湖鄉栗林村四份61號,苗栗縣大湖鄉栗林村5鄰四份61號,234094.11,2696429.41
515,苗栗縣獅潭鄉新店村129號,苗栗縣獅潭鄉新店村11鄰新店129號,241952.6,2714840.41
516,苗栗縣獅潭鄉新豐村四鄰56號,苗栗縣獅潭鄉新豐村4鄰八角林56號,238897.48,2707817.17
517,苗栗縣獅潭鄉永興村6鄰55-1號,苗栗縣獅潭鄉永興村6鄰永興55之1號,243567.45,2718559.98
518,苗栗縣卓蘭鎮內灣里120號,苗栗縣卓蘭鎮內灣里11鄰內灣120號,234721.91,2688155.91
519,苗栗縣卓蘭鎮豐田里12鄰豐田36號,苗栗縣卓蘭鎮豐田里12鄰豐田36號,232081.65,2691019.78
520,苗栗縣卓蘭鎮坪林里七鄰坪林86之2號,苗栗縣卓蘭鎮坪林里7鄰坪林86之2號,237447.64,2692220.15
521,苗栗縣卓蘭鎮坪林里雙連16-1號,苗栗縣卓蘭鎮坪林里13鄰雙連16之1號,234632.94,2692438.76
522,苗栗縣卓蘭鎮景山里5鄰88號,苗栗縣卓蘭鎮景山里5鄰景山88號,236328.46,2694083.49
523,苗栗縣泰安鄉大興村32之1號,苗栗縣泰安鄉大興村1鄰高熊卡32之1號,240796.37,2701696.9
524,苗栗縣泰安鄉中興村1鄰2號,苗栗縣泰安鄉中興村1鄰長橋2號,241954.51,2698687.83
525,苗栗縣泰安鄉清安村六鄰122號,苗栗縣泰安鄉清安村6鄰洗水坑122號,242549.73,2703750.97
526,苗栗縣泰安鄉錦水村四鄰12號,苗栗縣泰安鄉錦水村1鄰半天寮12號;苗栗縣泰安鄉錦水村4鄰圓墩12號;苗栗縣泰安鄉錦水村8鄰橫龍山12號,242111.360;243994.730;247782.460,2705993.590;2706526.010;2707183.950
527,苗栗縣泰安鄉象鼻村一鄰4號,苗栗縣泰安鄉象鼻村1鄰象鼻4號;苗栗縣泰安鄉象鼻村5鄰大安4號,244626.760;246710.620,2694892.890;2696185.930
528,苗栗縣泰安鄉梅園村二鄰38號,苗栗縣泰安鄉梅園村1鄰梅園38號,247073.27,2698009.48
529,苗栗縣泰安鄉士林村5鄰26號,苗栗縣泰安鄉士林村5鄰馬那邦26號,242938.77,2693553.38
530,彰化縣芬園鄉圳墘村彰南路二段36號,彰化縣芬園鄉圳墘村4鄰彰南路二段36號,213375.54,2653615.61
531,彰化縣芬園鄉中崙村大彰路二段400巷36號,彰化縣芬園鄉中崙村5鄰大彰路二段400巷10號,211344.91,2652621.08
532,彰化縣芬園鄉大竹村大彰路一段617號,彰化縣芬園鄉大竹村16鄰大彰路一段617號,212174.53,2651015.56
533,彰化縣福興鄉鎮平村鎮平街1號,彰化縣福興鄉鎮平村4鄰鎮平街1號,190901.181,2656037.826
534,彰化縣福興鄉番社村80號,彰化縣福興鄉番社村9鄰番社街80號,194574.47,2658183.85
535,彰化縣埔鹽鄉南港村埔菜路29之2號,彰化縣埔鹽鄉南港村16鄰埔菜路29號之2,198693.955,2653783.376
536,彰化縣埔鹽鄉永樂村永樂路600號,彰化縣埔鹽鄉永樂村6鄰永樂路600號,192136.843,2655200.142
537,彰化縣埔鹽鄉天盛村番金路68之1號,彰化縣埔鹽鄉天盛村1鄰番金路68之1號,191876.38,2653478.77
538,彰化縣埔心鄉羅厝村文昌東路100號,彰化縣埔心鄉羅厝村13鄰文昌東路100號,200437.313,2648692.743
539,彰化縣員林市湖水里湖水路277號,彰化縣員林市湖水里5鄰湖水路276號;彰化縣員林市湖水里6鄰湖水路281號,210866.540;210961.770,2649805.100;2649898.520
540,彰化縣田中鎮三安里大安路一段200號,彰化縣田中鎮三安里7鄰大安路一段200號,208684.85,2637433.797
541,彰化縣田中鎮復興里山腳路四段188巷109號,找不到指定的門牌地址。,,
542,彰化縣二水鄉復興村員集路五段472號,彰化縣二水鄉復興村10鄰員集路五段472號,209735.046,2636203.272
543,彰化縣北斗鎮大新里大新路556號,彰化縣北斗鎮大新里2鄰大新路556號,204902.131,2639029.93
544,彰化縣埤頭鄉豐崙村校前路50號,彰化縣埤頭鄉豊崙村14鄰校前路50號,195042.07,2645954.717
545,彰化縣埤頭鄉芙朝村芙朝路205號,彰化縣埤頭鄉芙朝村20鄰芙朝路205號,197131.09,2640731.314
546,彰化縣埤頭鄉大湖村大湖路260號,彰化縣埤頭鄉大湖村10鄰大湖路260號,194264.244,2640281.299
547,彰化縣溪州鄉溪厝村中山路二段326號,彰化縣溪州鄉溪厝村11鄰中山路二段324號;彰化縣溪州鄉溪厝村10鄰中山路二段337號,196905.587;196566.130,2637859.265;2637499.890
548,彰化縣溪州鄉三條村中央路二段31號,彰化縣溪州鄉三條村1鄰中央路二段31號,198567.21,2635939.6
549,彰化縣溪州鄉水尾村太平路137號,彰化縣溪州鄉水尾村2鄰太平路137號,196172.713,2636503.113
550,彰化縣溪州鄉潮洋村陸軍路一段146號,彰化縣溪州鄉潮洋村7鄰陸軍路一段146號,201040.282,2634535.377
551,彰化縣溪州鄉成功村登山路二段365號,彰化縣溪州鄉成功村12鄰登山路二段段365號,203622.17,2635837.57
552,彰化縣溪州鄉圳寮村下樹巷29號,彰化縣溪州鄉圳寮村6鄰下樹巷29號,201401.079,2637283.183
553,彰化縣溪州鄉大庄村中橫巷1號,彰化縣溪州鄉大庄村10鄰中橫巷1號,205934.767,2634716.059
554,彰化縣溪州鄉溪州村公園路95號,彰化縣溪州鄉溪州村11鄰公園路95號,198145.39,2638836.282
555,彰化縣二林鎮東興里竹林路三段393號,彰化縣二林鎮東興里1鄰竹林路三段393號,188424.009,2643139.519
556,彰化縣二林鎮外竹里中南巷41之1號,彰化縣二林鎮外竹里3鄰中南巷41號,187637.483,2641228.622
557,彰化縣二林鎮香田里儒林路10之1號,彰化縣二林鎮香田里7鄰儒林路9號,186364.811,2641598.39
558,彰化縣二林鎮廣興里廣興巷2之1號,彰化縣二林鎮廣興里2鄰廣興巷2號之5,185061.015,2641498.262
559,彰化縣二林鎮趙甲里鎮平巷59號,彰化縣二林鎮趙甲里2鄰鎮平巷59號,188403.801,2648235.991
560,彰化縣二林鎮華菕里光復路73號,彰化縣二林鎮華崙里18鄰光復路73號,193284.767,2649397.303
561,彰化縣二林鎮原斗里斗苑路一段865號,彰化縣二林鎮原斗里2鄰斗苑路一段865號,191658.211,2643654.966
562,彰化縣二林鎮萬合里江山巷1號,彰化縣二林鎮萬合里7鄰江山巷1號;彰化縣二林鎮萬合里8鄰江山巷1號,189891.817;189891.817,2646885.827;2646885.827
563,彰化縣大城鄉大城村中平路176號,彰化縣大城鄉大城村9鄰中平路176號,180770.881,2638911.71
564,彰化縣大城鄉公館村青埔路7之8號,彰化縣大城鄉公館村20鄰青埔路7之8號,178963.26,2637506.246
565,彰化縣大城鄉東港村中央路2號,彰化縣大城鄉東港村4鄰中央路2號,177581.278,2639846.54
566,彰化縣大城鄉三豐村東盛路1號,彰化縣大城鄉三豐村7鄰東盛路1號,178876.893,2642470.761
567,彰化縣大城鄉頂庄村東厝路63之1號,彰化縣大城鄉頂庄村8鄰東厝路63之1號,177144.14,2638451.041
568,彰化縣大城鄉潭墘村潭城路1號,彰化縣大城鄉潭墘村7鄰潭城路1號,183617.94,2636992.08
569,彰化縣竹塘鄉田頭村光明路60號,彰化縣竹塘鄉田頭村7鄰光明路60號,193897.911,2637090.199
570,彰化縣竹塘鄉民靖村文昌路152號,彰化縣竹塘鄉民靖村7鄰文昌路152號,190551.887,2641395.156
571,彰化縣竹塘鄉長安村東陽路二段123號,彰化縣竹塘鄉長安村1鄰東陽路二段123號,187549.988,2638310.563
572,彰化縣竹塘鄉土庫村東陽路一段362號,彰化縣竹塘鄉土庫村5鄰東陽路一段362號,189852.074,2638538.45
573,彰化縣芳苑鄉芳苑村斗苑路芳苑段230號,彰化縣芳苑鄉芳苑村12鄰斗苑路芳苑段230號,180672.292,2646949.66
574,彰化縣芳苑鄉後寮村芳寮路30號,彰化縣芳苑鄉後寮村1鄰芳寮路30號,182986.494,2646413.696
575,彰化縣芳苑鄉五俊村新生巷5之1號,彰化縣芳苑鄉五俊村9鄰新生巷5號,183598.1,2647749.82
576,彰化縣芳苑鄉永興村太平路300號,彰化縣芳苑鄉永興村22鄰太平路永興段300號,181997.67,2649200.079
577,彰化縣芳苑鄉文津村芳草路66號,彰化縣芳苑鄉文津村9鄰芳草路63號;彰化縣芳苑鄉文津村1鄰芳草路文津段73號;彰化縣芳苑鄉文津村3鄰芳草路73號,185650.368;184237.680;184567.628,2650026.263;2647859.830;2647911.981
578,彰化縣芳苑鄉新生村草漢路二段86號,彰化縣芳苑鄉新生村5鄰草漢路草二段86號,188063.165,2653057.317
579,彰化縣芳苑鄉漢寶村草漢路漢寶段541號,彰化縣芳苑鄉漢寶村20鄰草漢路漢寶段541號,187400.122,2655931.29
580,彰化縣芳苑鄉芳漢路129巷100號,彰化縣芳苑鄉新寶村1鄰芳漢路新寶段129巷100號,183357.499,2652771.726
581,彰化縣芳苑鄉路上村新上路12號,彰化縣芳苑鄉路上村8鄰新上路12號,181605.356,2643675.995
582,南投縣埔里鎮史港里獅子路9號,南投縣埔里鎮史港里8鄰獅子路9號,245689.28,2656361.22
583,南投縣埔里鎮一新里永豐路92號,南投縣埔里鎮一新里8鄰永豐路92號,242851.91,2654878.78
584,南投縣埔里鎮桃米里桃米巷68號,南投縣埔里鎮桃米里7鄰桃米巷68號,242448.82,2648622.28
585,南投縣埔里鎮麒麟里武界路7號,南投縣埔里鎮麒麟里2鄰武界路7號,248984.19,2647319.76
586,南投縣埔里鎮合成里西安路三段167巷35號,南投縣埔里鎮合成里5鄰西安路三段167巷35號,241988.58,2657960.83
587,南投縣埔里鎮牛眠里守城路28號,南投縣埔里鎮牛眠里11鄰守城路28號,247945.03,2654030.47
588,南投縣草屯鎮雙冬里中正路34號,南投縣草屯鎮雙冬里17鄰中正路34號,229259.25,2653300.02
589,南投縣竹山鎮福興里鯉南路136號,南投縣竹山鎮福興里1鄰鯉南路135之15號,216034.01,2625010.87
590,南投縣竹山鎮大鞍里竹寮巷21號,南投縣竹山鎮大鞍里4鄰竹寮巷21號,221118.75,2621710
591,南投縣竹山鎮瑞竹里鯉南里251號,南投縣竹山鎮瑞竹里15鄰鯉南路251號,215975.71,2617857.12
592,南投縣竹山鎮頂林路456號,南投縣竹山鎮秀林里7鄰頂林路456號,218244.11,2625506.91
593,南投縣竹山鎮鯉魚里鯉行路92號,南投縣竹山鎮鯉魚里6鄰鯉行路92號,214769.95,2623524.38
594,南投縣竹山鎮鯉南路312之1號,南投縣竹山鎮桶頭里4鄰鯉南路312之1號,214946.91,2615857.59
595,南投縣鹿谷鄉鹿谷村中正路2段174號,南投縣鹿谷鄉鹿谷村10鄰中正路二段174號,224726.43,2627277.95
596,南投縣鹿谷鄉秀峰村仁愛路152號,南投縣鹿谷鄉秀峰村8鄰仁愛路152號,227353,2631030.55
597,南投縣鹿谷鄉竹林村光復路96號,南投縣鹿谷鄉竹林村18鄰光復路96號,224982.88,2624957.93
598,南投縣鹿谷鄉鳳凰村仁義路35之1號,南投縣鹿谷鄉鳳凰村12鄰仁義路35之1號,227648.69,2626481.66
599,南投縣鹿谷鄉內湖村興產路51號,南投縣鹿谷鄉內湖村7鄰興產路51號,227771.21,2623060.16
600,南投縣鹿谷鄉初鄉村仁愛路259號,南投縣鹿谷鄉初鄉村17鄰仁愛路259號;南投縣鹿谷鄉初鄉村2鄰仁愛路259號,223292.440;223292.440,2629254.300;2629254.300
601,南投縣鹿谷鄉瑞田村仁愛路80號,南投縣鹿谷鄉瑞田村3鄰仁愛路80號;南投縣鹿谷鄉瑞田村4鄰仁愛路80號,228564.050;228564.050,2633107.870;2633107.870
602,南投縣鹿谷鄉廣興村興產路97號,南投縣鹿谷鄉廣興村12鄰興產路97號,225996.55,2625796.22
603,南投縣中寮鄉爽文村龍南路159號,南投縣中寮鄉爽文村11鄰龍南路159號,225754.25,2647921.85
604,南投縣中寮鄉福盛村永樂路88號,南投縣中寮鄉福盛村5鄰永樂路88號,229540.57,2642127.38
605,南投縣中寮鄉清水村瀧林巷3號,南投縣中寮鄉清水村1鄰瀧林巷3之2號;南投縣中寮鄉清水村1鄰瀧林巷3之3號;南投縣中寮鄉清水村1鄰瀧林巷3之9號,228759.820;228767.520;228802.370,2648967.780;2648970.490;2648960.620
606,南投縣中寮鄉龍南路321之1號,南投縣中寮鄉永和村6鄰龍南路321之1號,222730.34,2646723.85
607,南投縣中寮鄉廣福村內城巷3之2號,南投縣中寮鄉廣福村5鄰內城巷3之2號,225516.57,2643881.34
608,南投縣魚池鄉魚池村瓊文巷41號,南投縣魚池鄉魚池村21鄰瓊文巷41號,243616.91,2643833.81
609,南投縣魚池鄉頭社村平和巷105號,南投縣魚池鄉頭社村15鄰平和巷105號,240084.66,2637009.96
610,南投縣魚池鄉東光村慶隆巷36號,南投縣魚池鄉東光村10鄰慶隆巷36號,246608.74,2642893.06
611,南投縣魚池鄉五城村華龍巷1之2號,南投縣魚池鄉五城村7鄰華龍巷1之2號,238711.75,2642944.7
612,南投縣魚池鄉水社村中山路190號,南投縣魚池鄉水社村7鄰中山路190號,240914.43,2640400.45
613,南投縣魚池鄉新城村通文巷7之1號,南投縣魚池鄉新城村2鄰通文巷7之1號,242287.46,2644414.63
614,南投縣魚池鄉日月村中正路211巷1號,南投縣魚池鄉日月村10鄰中正路211巷1號,243426.93,2638250.41
615,南投縣魚池鄉共和村五馬巷57之1號,南投縣魚池鄉共和村7鄰五馬巷57之1號,246565.18,2646076.77
616,南投縣國姓鄉石門村國姓路311號,南投縣國姓鄉石門村12鄰國姓路311號,235461.88,2659347.48
617,南投縣國姓鄉中正路4段119-1號,南投縣國姓鄉北山村5鄰中正路四段119之1號,237451.08,2652859.24
618,南投縣國姓鄉北港村國姓路63號,南投縣國姓鄉北港村5鄰國姓路63號,240957.37,2661308.75
619,南投縣國姓鄉福龜村長壽巷83號,南投縣國姓鄉福龜村9鄰長壽巷83之2號;南投縣國姓鄉福龜村9鄰長壽巷83之3號;南投縣國姓鄉福龜村9鄰長壽巷83之4號;南投縣國姓鄉福龜村9鄰長壽巷83之5號;南投縣國姓鄉福龜村9鄰長壽巷83之6號,231987.370;231984.300;231975.400;232093.160;232081.910,2656396.780;2656391.470;2656386.170;2656321.700;2656286.290
620,南投縣國姓鄉長流村大長路559號,南投縣國姓鄉長流村4鄰大長路559號,237423.96,2662415.76
621,南投縣國姓鄉南港路112之8號,南投縣國姓鄉南港村7鄰南港路112之11號,236720.52,2649586.02
622,南投縣國姓鄉柑林村中正路2段223號,南投縣國姓鄉柑林村12鄰中正路二段223號,234319.88,2656948.17
623,南投縣國姓鄉南港村港頭巷60號,南投縣國姓鄉南港村13鄰港頭巷60號,236358.58,2647061.61
624,南投縣國姓鄉長福村大長路71號,南投縣國姓鄉長福村6鄰大長路71號,238612.68,2665299.41
625,南投縣國姓鄉乾溝村中西巷3號,南投縣國姓鄉乾溝村9鄰中西巷3號,232159.31,2658123.59
626,南投縣水里鄉上安村水信路3段303巷8號,南投縣水里鄉上安村1鄰水信路三段303巷8號,235261.14,2625900.13
627,南投縣水里鄉民和村文明路70號,南投縣水里鄉民和村1鄰文明路70號,243128.42,2632341.12
628,南投縣水里鄉新興村新興巷15號,南投縣水里鄉新興村7鄰新興巷15號;南投縣水里鄉新興村8鄰新興巷15號,236825.680;236718.870,2642195.460;2642290.160
629,南投縣水里鄉永興村林朋巷148號,南投縣水里鄉永興村3鄰林朋巷148號,236098.67,2631189.02
630,南投縣信義鄉明德村玉山路24號,南投縣信義鄉明德村5鄰玉山路24號,235186.61,2621578.28
631,南投縣信義鄉羅娜村信義巷一鄰73號,南投縣信義鄉羅娜村1鄰信筆巷73號,236745.06,2613869.68
632,南投縣信義鄉同富村同和巷4號,南投縣信義鄉同富村1鄰同和巷4號,238547.96,2610048.64
633,南投縣信義鄉愛國村愛國巷108號,南投縣信義鄉愛國村3鄰愛國巷108號,234562.47,2621128.1
634,南投縣信義鄉人和村民生巷3號,南投縣信義鄉人和村1鄰民生巷3號,239506.08,2630634.77
635,南投縣信義鄉地利村開信巷17號,南投縣信義鄉地利村1鄰開信巷17號,244229.62,2632232.17
636,南投縣信義鄉東埔村開高巷63號,南投縣信義鄉東埔村5鄰開高巷62號;南投縣信義鄉東埔村5鄰開高巷64號,242645.610;242838.610,2606474.670;2606578.030
637,南投縣信義鄉潭南村和平巷49號,南投縣信義鄉潭南村3鄰和平巷49號,243912.91,2635233.87
638,南投縣信義鄉同富村太平巷18號,南投縣信義鄉同富村10鄰太平巷18號,237246.09,2606335.88
639,南投縣信義鄉神木村民和巷65-6號,南投縣信義鄉神木村5鄰民和巷65之6號,236499.28,2606678.65
640,南投縣信義鄉新鄉村80號,南投縣信義鄉新鄉村5鄰新鄉路80號,236679.5,2615147.11
641,南投縣信義鄉望美村美信巷54號,南投縣信義鄉望美村5鄰美信巷54號,238195.7,2612444.21
642,南投縣信義鄉雙龍村光復巷4號,南投縣信義鄉雙龍村1鄰光復巷4號,244887.33,2631325.02
643,南投縣信義鄉豐丘村高平巷77號,南投縣信義鄉豐丘村1鄰高平巷77號,237263.4,2618514.94
644,南投縣仁愛鄉大同村山農巷5號,南投縣仁愛鄉大同村7鄰山農巷5號,263554.62,2657296.75
645,南投縣仁愛鄉親愛村高平路3號,南投縣仁愛鄉親愛村1鄰高平路3號,261117.83,2651457.44
646,南投縣仁愛鄉法治村界山巷6號,南投縣仁愛鄉法治村1鄰界山巷6號,254702.81,2645799.36
647,南投縣仁愛鄉合作村平生路23號,南投縣仁愛鄉合作村5鄰平生路23號;南投縣仁愛鄉合作村6鄰平生路23號,272024.430;272024.430,2664594.850;2664594.850
648,南投縣仁愛鄉互助村中華路19號,南投縣仁愛鄉互助村8鄰中華路19號,246911.23,2662007.25
649,南投縣仁愛鄉力行村新望洋67號,南投縣仁愛鄉力行村6鄰大洋巷23之1號,269749.34,2671507.7
650,南投縣仁愛鄉南豐村楓林路3號,南投縣仁愛鄉南豐村10鄰楓林路3號,257998.22,2655059.21
651,南投縣仁愛鄉中正村平等巷114號,南投縣仁愛鄉中正村6鄰平等巷114號,249102.95,2644463.29
652,南投縣仁愛鄉精英村中華巷19號,南投縣仁愛鄉精英村5鄰中華巷19號,268940.45,2658920.06
653,南投縣仁愛鄉發祥村光復巷24號,南投縣仁愛鄉發祥村7鄰光復巷24號,266000.51,2668750.35
654,南投縣仁愛鄉萬豐村清華巷8號,南投縣仁愛鄉萬豐村1鄰清華巷8號,257760.78,2649141.34
655,南投縣仁愛鄉都達村法觀路17號,南投縣仁愛鄉都達村1鄰法觀路17號,269545.2,2661627.72
656,南投縣仁愛鄉春陽村永樂巷58號,南投縣仁愛鄉春陽村5鄰永樂巷57之5號,265163.6,2658290
657,南投縣仁愛鄉發祥村仁盛路70號,南投縣仁愛鄉發祥村12鄰仁盛路70號,268009.52,2672721.86
658,南投縣仁愛鄉定遠新村24號,南投縣仁愛鄉大同村17鄰定遠新村24號,266145.62,2660154.64
659,雲林縣古坑鄉華山村41號,雲林縣古坑鄉華山村1鄰華山41號;雲林縣古坑鄉華山村8鄰松林41號,208845.270;209418.790,2610263.330;2609150.870
660,雲林縣古坑鄉桂林村95號,雲林縣古坑鄉桂林村10鄰桂林95號,209984.11,2612104.49
661,雲林縣古坑鄉樟湖村石橋50-2號,雲林縣古坑鄉樟湖村7鄰石橋50之2號,212390.93,2611202.3
662,雲林縣古坑鄉草嶺村56-8號,雲林縣古坑鄉草嶺村5鄰草嶺56之8號,218837.152,2609219.016
663,雲林縣古坑鄉華南村28號,雲林縣古坑鄉華南村10鄰華南28號;雲林縣古坑鄉華南村7鄰華興28號,206598.970;205557.250,2610396.540;2610439.200
664,雲林縣古坑鄉崁腳村南昌路6號,找不到指定的門牌地址。,,
665,雲林縣古坑鄉荷苞村山峰17號,雲林縣古坑鄉荷苞村15鄰山?17號,210766.25,2614151.42
666,雲林縣林內鄉坪頂村1號,雲林縣林內鄉坪頂村1鄰清水溪1號;雲林縣林內鄉坪頂村1鄰清水溪6巷1號;雲林縣林內鄉坪頂村4鄰山坪1號;雲林縣林內鄉坪頂村4鄰坪頂1號,214206.640;214139.400;212928.460;213330.480,2627595.470;2628764.730;2628637.430;2628144.130
667,雲林縣莿桐鄉六合村東興路63號,找不到指定的門牌地址。,,
668,雲林縣大埤鄉怡然村怡然路92號,雲林縣大埤鄉怡然村8鄰怡然路92號,188945.58,2614597.41
669,雲林縣大埤鄉豐岡村仁和路4號,找不到指定的門牌地址。,,
670,雲林縣大埤鄉嘉興村嘉興路65號,找不到指定的門牌地址。,,
671,雲林縣虎尾鎮墾地里光復莊11鄰39號,雲林縣虎尾鎮墾地里11鄰光復39號,188777.27,2626518.57
672,雲林縣土庫鎮西平里馬光路174號,雲林縣土庫鎮西平里7鄰馬光路174號,183937.47,2622614.557
673,雲林縣土庫鎮埤腳里56號,雲林縣土庫鎮埤腳里16鄰扶朝56號;雲林縣土庫鎮埤腳里4鄰埤腳56號,184748.818;183590.703,2619313.976;2618624.399
674,雲林縣土庫鎮後埔里241號,雲林縣土庫鎮後埔里14鄰後埔242之1號,185879.65,2621928.01
675,雲林縣土庫鎮奮起里秀潭9號,雲林縣土庫鎮奮起里1鄰秀潭9號,183647.921,2617182.725
676,雲林縣土庫鎮新庄里南新庄1號,雲林縣土庫鎮新庄里11鄰南新庄1之2號;雲林縣土庫鎮新庄里11鄰南新庄1號之2;雲林縣土庫鎮新庄里11鄰南新庄1之3號,185972.909;185972.900;185974.755,2625626.422;2625626.420;2625630.701
677,雲林縣土庫鎮崙內里果圍41號,雲林縣土庫鎮崙內里12鄰頂寮41號;雲林縣土庫鎮崙內里4鄰崙內41號;雲林縣土庫鎮崙內里7鄰?圍41號,183257.503;183959.370;183580.450,2620994.036;2620518.865;2620519.120
678,雲林縣褒忠鄉埔姜村中勝路72號,雲林縣褒忠鄉埔姜村9鄰中勝路72號,179682.445,2622063.651
679,雲林縣褒忠鄉民生路28巷15號,雲林縣褒忠鄉田洋村13鄰民生路28巷11號;雲林縣褒忠鄉田洋村2鄰民生路28巷17號,178972.440;178966.090,2624378.860;2624378.850
680,雲林縣褒忠鄉新湖村復興路71號,雲林縣褒忠鄉新湖村16鄰復興路71號,176979.408,2622515.123
681,雲林縣褒忠鄉潮厝村96號,雲林縣褒忠鄉潮厝村7鄰潮厝96號之3;雲林縣褒忠鄉潮厝村7鄰潮厝96之5號;雲林縣褒忠鄉潮厝村7鄰潮厝96之6號;雲林縣褒忠鄉潮厝村7鄰潮厝96之9號,182034.427;182282.710;182296.745;182178.240,2624527.786;2624140.540;2624123.220;2624474.481
682,雲林縣東勢鄉東南村東榮路29巷9號,雲林縣東勢鄉東南村1鄰東榮路29巷9號,174225.777,2619146.793
683,雲林縣東勢鄉安南村安南路109號,雲林縣東勢鄉安南村12鄰安南路109之5號;雲林縣東勢鄉安南村12鄰安南路109號之5;雲林縣東勢鄉安南村12鄰安南路109號之10;雲林縣東勢鄉安南村12鄰安南路109之10號;雲林縣東勢鄉安南村12鄰安南路109之11號;雲林縣東勢鄉安南村12鄰安南路109之12號;雲林縣東勢鄉安南村12鄰安南路109之13號;雲林縣東勢鄉安南村12鄰安南路109之16號,173424.830;173424.830;173194.280;173194.280;173198.515;173203.422;173353.960;173153.380,2622356.010;2622356.010;2622296.560;2622296.560;2622323.151;2622318.323;2622538.113;2622409.608
684,雲林縣東勢鄉月眉村中山路10號,雲林縣東勢鄉月眉村17鄰中山路10號,177075.56,2620085.524
685,雲林縣東勢鄉同安路67號,雲林縣東勢鄉同安村18鄰同安路67號,175128.44,2623272.867
686,雲林縣東勢鄉龍潭村信義路1號,雲林縣東勢鄉龍潭村10鄰信義路1號,172422.967,2620906.632
687,雲林縣臺西鄉台西村民權路9號,雲林縣臺西鄉臺西村15鄰民權路9號,168369.066,2622199.797
688,雲林縣臺西鄉永豐村崙豐路42號,雲林縣臺西鄉永豐村20鄰崙豐路42號,169315.76,2624237.26
689,雲林縣臺西鄉牛厝村舊泉州20號,雲林縣臺西鄉牛厝村24鄰舊泉州20號,168819.358,2619335.029
690,雲林縣臺西鄉和豐村復興路53號,找不到指定的門牌地址。,,
691,雲林縣臺西鄉溪頂村12號,雲林縣臺西鄉溪頂村1鄰溪頂12號,167290.821,2620177.672
692,雲林縣西螺鎮河南里埔心路210號,雲林縣西螺鎮河南里11鄰埔心路210號,192863.93,2632783.16
693,雲林縣西螺鎮新豐里新社路257號,找不到指定的門牌地址。,,
694,雲林縣二崙鄉崙東村中興路36號,雲林縣二崙鄉崙東村8鄰中興路36號,190171.47,2629918.4
695,雲林縣二崙鄉三和村二鄰17號,雲林縣二崙鄉三和村14鄰深坑17號;雲林縣二崙鄉三和村16鄰深坑17號;雲林縣二崙鄉三和村7鄰三塊厝17號,188103.880;188103.880;188528.220,2627314.540;2627314.540;2627704.620
696,雲林縣二崙鄉港後村港後路60號,雲林縣二崙鄉港後村15鄰港後路63之1號;雲林縣二崙鄉港後村15鄰港後路63號之2;雲林縣二崙鄉港後村15鄰港後路63之5號;雲林縣二崙鄉港後村15鄰港後路63號之6;雲林縣二崙鄉港後村15鄰港後路63號之7,187938.040;188837.650;188007.510;188020.700;188021.600,2632472.170;2632248.080;2632682.700;2632715.160;2632720.060
697,雲林縣二崙鄉大同村大同路5號,雲林縣二崙鄉大同村1鄰大同路3之7號;雲林縣二崙鄉大同村1鄰大同路3號之8;雲林縣二崙鄉大同村1鄰大同路3之9號;雲林縣二崙鄉大同村1鄰大同路3之10號;雲林縣二崙鄉大同村1鄰大同路3之11號;雲林縣二崙鄉大同村1鄰大同路3之14號;雲林縣二崙鄉大同村1鄰大同路3號之15;雲林縣二崙鄉大同村1鄰大同路6之1號;雲林縣二崙鄉大同村1鄰大同路6之12號;雲林縣二崙鄉大同村1鄰大同路6之22號,186460.480;186457.530;186454.480;186452.130;186449.280;186430.030;186434.680;186277.670;186109.590;185996.750,2632359.010;2632355.110;2632350.610;2632345.810;2632341.810;2632319.110;2632327.860;2632476.910;2632535.520;2632547.150
698,雲林縣二崙鄉永定村永定路238號,雲林縣二崙鄉永定村7鄰永定路238號,190817.41,2632566.44
699,雲林縣二崙鄉楊賢村楊賢路1號,雲林縣二崙鄉楊賢村5鄰楊賢路1號,190291.44,2634890.68
700,雲林縣二崙鄉大庄村酒姑村54號,雲林縣二崙鄉大庄村10鄰新興路54號;雲林縣二崙鄉大庄村17鄰酒姑路54號;雲林縣二崙鄉大庄村6鄰大庄路54號,185268.200;185366.830;186487.900,2634332.770;2633553.170;2633408.690
701,雲林縣二崙鄉來惠村來惠路12號,雲林縣二崙鄉來惠村14鄰來惠路33號之3,188546.63,2629472.75
702,雲林縣崙背鄉豐榮村豐榮路21號,找不到指定的門牌地址。,,
703,雲林縣崙背鄉大有村一鄰14號,雲林縣崙背鄉大有村2鄰大有14號,179559.172,2629059.199
704,雲林縣崙背鄉草湖村二鄰2號,雲林縣崙背鄉草湖村2鄰草湖2號,181739.6,2632229.147
705,雲林縣崙背鄉水尾村頂街1號,雲林縣崙背鄉水尾村1鄰頂街1號,184343.954,2631419.926
706,雲林縣崙背鄉羅厝村東興路1號,找不到指定的門牌地址。,,
707,雲林縣麥寮鄉麥津村中山路260號,雲林縣麥寮鄉麥津村12鄰中山路260號,173965.615,2627618.273
708,雲林縣麥寮鄉橋頭村仁德路248號,雲林縣麥寮鄉橋頭村13鄰仁德路248號,176005.941,2632829.043
709,雲林縣麥寮鄉崙後村92號,雲林縣麥寮鄉崙後村4鄰沙崙後92號,175154.105,2630167.79
710,雲林縣麥寮鄉興華村興化路1號,雲林縣麥寮鄉興華村15鄰興華1號;雲林縣麥寮鄉興華村1鄰興化1號;雲林縣麥寮鄉興華村6鄰忠興1號;雲林縣麥寮鄉興華村8鄰山寮1號,177942.600;177447.485;176788.180;176942.145,2627380.170;2628595.131;2629094.280;2627689.350
711,雲林縣麥寮鄉後安村227號,雲林縣麥寮鄉後安村12鄰後安227號,172010.769,2631943.944
712,雲林縣北港鎮好收里好收路20號,雲林縣北港鎮好收里12鄰口庄20號;雲林縣北港鎮好收里2鄰好收20號,176956.502;176540.181,2610673.178;2610881.359
713,雲林縣北港鎮番溝里84號,雲林縣北港鎮番溝里4鄰番溝84號,176390.322,2613407.757
714,雲林縣北港鎮溝皂里174號,雲林縣北港鎮溝皂里2鄰溝皂174號,177905.65,2612321.193
715,雲林縣北港鎮扶朝里76號,雲林縣北港鎮扶朝里9鄰扶朝76號,177011.071,2606150.933
716,雲林縣北港鎮新厝里49號,雲林縣北港鎮新厝里4鄰新厝49號,180408.261,2609477.96
717,雲林縣北港鎮草湖里華勝路655號,雲林縣北港鎮草湖里8鄰華勝路655號,178733.342,2610140.293
718,雲林縣元長鄉瓦搖村新生路11號,雲林縣元長鄉瓦?村3鄰新生路11號,184597.617,2615046.005
719,雲林縣元長鄉頂寮村11號,雲林縣元長鄉頂寮村10鄰中坑11號;雲林縣元長鄉頂寮村11鄰中坑11號;雲林縣元長鄉頂寮村12鄰潭墘11號;雲林縣元長鄉頂寮村1鄰振興路11號;雲林縣元長鄉頂寮村1鄰頂寮11號,181468.971;181474.410;181946.790;182169.222;182023.315,2614975.938;2614937.340;2615372.900;2614115.162;2614041.981
720,雲林縣元長鄉山內村南山路3號,雲林縣元長鄉山內村10鄰古松3號;雲林縣元長鄉山內村12鄰安務3號;雲林縣元長鄉山內村1鄰頂山3號;雲林縣元長鄉山內村8鄰南山3號,179778.210;179732.793;179969.049;179979.370,2619090.560;2618807.399;2620319.718;2619712.020
721,雲林縣元長鄉內寮村內寮路6號,雲林縣元長鄉內寮村11鄰好收6號;雲林縣元長鄉內寮村1鄰贊庄6號;雲林縣元長鄉內寮村7鄰內寮6號;雲林縣元長鄉內寮村9鄰姚厝6號,184230.071;182867.721;183815.096;183846.469,2613111.067;2612864.441;2612751.349;2613328.348
722,雲林縣元長鄉龍岩村148號,雲林縣元長鄉龍岩村5鄰龍岩148號,180066.946,2613188.328
723,雲林縣元長鄉潭西村潭內路1號,雲林縣元長鄉潭西村1鄰潭內1號,177491.57,2615434.142
724,雲林縣元長鄉五塊村北水路8號,雲林縣元長鄉五塊村11鄰南火8號;雲林縣元長鄉五塊村15鄰西金8號;雲林縣元長鄉五塊村1鄰東木8號;雲林縣元長鄉五塊村7鄰北水8號;雲林縣元長鄉五塊村8鄰中土8號,176312.262;176049.810;176659.020;176594.120;176521.813,2616917.526;2617662.418;2616888.800;2617237.177;2616878.745
725,雲林縣元長鄉子茂村4號,雲林縣元長鄉子茂村11鄰三民4號;雲林縣元長鄉子茂村1鄰子茂4號,181988.290;182281.889,2618607.880;2617369.305
726,雲林縣四湖鄉四湖村中山東路37號,雲林縣四湖鄉四湖村6鄰中山東路37號,171280.123,2614996.036
727,雲林縣四湖鄉溪底村成功路11號,雲林縣四湖鄉溪底村10鄰成功路11號,175756.33,2616666.049
728,雲林縣四湖鄉飛沙村大同路26號,雲林縣四湖鄉飛沙村3鄰大同路26號,166070.658,2615738.145
729,雲林縣四湖鄉林東村中華路1號,雲林縣四湖鄉林東村10鄰中華路1號,166245.771,2618626.09
730,雲林縣四湖鄉崙南村延平南路18號,雲林縣四湖鄉崙南村1鄰延平南路18號,163900.552,2616705.133
731,雲林縣四湖鄉箔子村箔子寮333號,雲林縣四湖鄉四湖村13鄰中正路333號;雲林縣四湖鄉?子村5鄰?子寮333號,171009.302;163484.986,2615019.492;2614683.296
732,雲林縣四湖鄉蔡厝村蔡厝路90號,雲林縣四湖鄉蔡厝村4鄰蔡厝路90號,170319.45,2612272.87
733,雲林縣四湖鄉鹿場村中鹿場路27號,雲林縣四湖鄉鹿場村6鄰中鹿場路27號,172730.228,2613415.847
734,雲林縣四湖鄉溪尾村中溪尾30號,雲林縣四湖鄉溪尾村7鄰中溪尾30號,168347.035,2616820.22
735,雲林縣四湖鄉羊稠村建華路35號,雲林縣四湖鄉羊調村7鄰建華路35號,168431.899,2615370.085
736,雲林縣四湖鄉內湖村三塊厝123號,雲林縣四湖鄉內湖村6鄰三塊厝123號,167826.413,2614283.215
737,雲林縣口湖鄉湖東村文明路103巷46號,雲林縣口湖鄉湖東村3鄰文明路103巷46號,166643.357,2609532.718
738,雲林縣口湖鄉梧南村文光路100號,雲林縣口湖鄉梧南村13鄰文光路100號,167242.119,2604497.782
739,雲林縣口湖鄉港東村民主路15號,雲林縣口湖鄉港東村12鄰民主路15號,163651.784,2608112.701
740,雲林縣口湖鄉崙中村福安路200號,雲林縣口湖鄉崙中村1鄰福安路200號,164048.618,2612371.145
741,雲林縣口湖鄉埔南村9號,雲林縣口湖鄉埔南村8鄰外埔9號,167426.396,2610994.319
742,雲林縣口湖鄉蚵寮村崇文路二段285號,雲林縣口湖鄉蚵寮村11鄰崇文路二段285號,166036.479,2608221.995
743,雲林縣口湖鄉成龍村201號,雲林縣口湖鄉成龍村1鄰成龍200之1號;雲林縣口湖鄉成龍村1鄰成龍202之16號,165069.920;165225.410,2606427.673;2606725.500
744,雲林縣口湖鄉台子村台興路130號,雲林縣口湖鄉臺子村14鄰臺興路130號,162419.885,2606848.93
745,雲林縣口湖鄉頂湖村121號,雲林縣口湖鄉頂湖村6鄰頂湖120之2號;雲林縣口湖鄉頂湖村6鄰頂湖122之1號;雲林縣口湖鄉頂湖村6鄰頂湖122之2號;雲林縣口湖鄉頂湖村6鄰頂湖122之5號,166194.660;166167.825;166167.950;166187.170,2610989.521;2610991.831;2610997.675;2610990.700
746,雲林縣水林鄉松中村蔦松路213號,雲林縣水林鄉松中村9鄰蔦松路213號,171333.455,2601413.265
747,雲林縣水林鄉大山村大山路6號,雲林縣水林鄉大山村8鄰大山6號,170667.804,2606547.853
748,雲林縣水林鄉灣東村宏仁路30號,雲林縣水林鄉灣東村8鄰宏仁路30號,172575.812,2611409.435
749,雲林縣水林鄉山腳村蕃東路1號,雲林縣水林鄉山腳村12鄰尖山?1號;雲林縣水林鄉山腳村6鄰蕃東1號,170810.080;170848.520,2603317.440;2604203.186
750,雲林縣水林鄉蘇秦村1號,雲林縣水林鄉蘇秦村10鄰蘇秦路1號;雲林縣水林鄉蘇秦村1鄰頂坎1號;雲林縣水林鄉蘇秦村5鄰海豊路1號;雲林縣水林鄉蘇秦村7鄰順安路1號,174650.281;174717.593;174194.036;174736.301,2613202.667;2614328.663;2614002.572;2613858.081
751,雲林縣水林鄉瓊埔村148號,找不到指定的門牌地址。,,
752,雲林縣水林鄉水北村水林路6號,雲林縣水林鄉水北村13鄰水林路6號,173126.29,2607937.196
753,雲林縣水林鄉大溝村1號,雲林縣水林鄉大溝村1鄰大溝路1號,169403.298,2607218.358
754,嘉義縣朴子市雙溪里30號,找不到指定的門牌地址。,,
755,嘉義縣朴子市竹村里36號,嘉義縣朴子市竹村里4鄰鴨母寮36號,172224,2592651.57
756,嘉義縣朴子市松華里345號,嘉義縣朴子市松華里20鄰牛挑灣345號,173399.54,2590047.14
757,嘉義縣朴子市大鄉里560號,嘉義縣朴子市大鄉里15鄰大?榔560號,174521.86,2594747.49
758,嘉義縣布袋鎮東港里136號,嘉義縣布袋鎮東港里10鄰東港136號,167531.82,2586898.64
759,嘉義縣布袋鎮永安里126之2號,嘉義縣布袋鎮永安里1鄰大寮126號之2,166330.32,2585659.36
760,嘉義縣布袋鎮樹林里82號,嘉義縣布袋鎮樹林里4鄰樹林頭82號,169684.01,2590955.47
761,嘉義縣布袋鎮新民里374號,嘉義縣布袋鎮新民里17鄰新塭374號,164156.59,2581118.36
762,嘉義縣布袋鎮新岑里4號,嘉義縣布袋鎮新岑里10鄰郭岑寮4號,165584.78,2582487.36
763,嘉義縣布袋鎮好美里106號,嘉義縣布袋鎮好美里12鄰虎尾寮106號,161840.43,2581908.23
764,嘉義縣大林鎮中林里九鄰147號,嘉義縣大林鎮中林里9鄰中林147號,196589.08,2609730.04
765,嘉義縣大林鎮排路里231號,嘉義縣大林鎮排路里12鄰排子路231號,191033.37,2611968.46
766,嘉義縣大林鎮三角里下林頭51號,嘉義縣大林鎮三角里9鄰下林頭51號,198565.27,2612772.45
767,嘉義縣民雄鄉菁埔村130之3號,嘉義縣民雄鄉菁埔村8鄰菁埔130號之3,188478.63,2606197.76
768,嘉義縣民雄鄉松山村松仔腳43之1號,嘉義縣民雄鄉松山村12鄰松子?43號之1;嘉義縣民雄鄉松山村6鄰後山仔43號之1,196406.520;198077.310,2604194.430;2604529.180
769,嘉義縣溪口鄉美北村78之3號,嘉義縣溪口鄉美北村13鄰崙尾78號之3,186691.02,2610092.85
770,嘉義縣溪口鄉柴林村107號,嘉義縣溪口鄉柴林村8鄰柴林?107號,185869.42,2611517.56
771,嘉義縣溪口鄉柳溝村南靖厝5號,嘉義縣溪口鄉柳溝村16鄰南靖厝5號,190213.34,2608338.73
772,嘉義縣新港鄉古民村161號,嘉義縣新港鄉古民村22鄰古民161號,183552.97,2606713.02
773,嘉義縣新港鄉北崙村75之4號,嘉義縣新港鄉北崙村11鄰崙子75號之4,184391.11,2609759.02
774,嘉義縣新港鄉安和村46號,嘉義縣新港鄉安和村7鄰番婆46號,179828.67,2601457.66
775,嘉義縣六腳鄉六腳村105號,嘉義縣六腳鄉六腳村7鄰六?105號,173636.3,2600896.98
776,嘉義縣六腳鄉灣南村6號,嘉義縣六腳鄉灣南村15鄰灣內6號,179755.7,2599868.56
777,嘉義縣六腳鄉更寮村19號,嘉義縣六腳鄉更寮村3鄰更寮19號,172354.68,2597968.29
778,嘉義縣東石鄉猿樹村117號,嘉義縣東石鄉猿樹村5鄰東石117號,163595.61,2595595.96
779,嘉義縣東石鄉塭港村170號,嘉義縣東石鄉塭港村1鄰塭港170號,162748.43,2596772.27
780,嘉義縣東石鄉三家村16號,嘉義縣東石鄉三家村12鄰三塊厝16號,165656.77,2596726.5
781,嘉義縣東石鄉龍港村113號,嘉義縣東石鄉龍港村4鄰港墘厝113號,165933.38,2598200
782,嘉義縣東石鄉下楫村147號,找不到指定的門牌地址。,,
783,嘉義縣東石鄉港墘村64號,嘉義縣東石鄉港墘村10鄰港墘64號,169678.93,2595868.01
784,嘉義縣東石鄉西崙村131號,嘉義縣東石鄉西崙村8鄰栗子崙131號,166538.26,2592841.86
785,嘉義縣東石鄉網寮村鹽田27號,嘉義縣東石鄉網寮村4鄰?田27號;嘉義縣東石鄉網寮村6鄰網寮27號,163739.310;163411.120,2592318.700;2592808.910
786,嘉義縣鹿草鄉重寮村160號,嘉義縣鹿草鄉重寮村17鄰中寮160號,179985.38,2588031.69
787,嘉義縣鹿草鄉光潭村196號,嘉義縣鹿草鄉光潭村8鄰下潭196號,177020.18,2585883.06
788,嘉義縣鹿草鄉碧潭村184號,嘉義縣鹿草鄉碧潭村19鄰頂潭184號,178342.56,2587308.1
789,嘉義縣鹿草鄉松竹村69號,嘉義縣鹿草鄉松竹村8鄰竹子?69號,177456.91,2588021.32
790,嘉義縣義竹鄉東光村64號,嘉義縣義竹鄉東光村2鄰東後寮64號,173065.4,2586517.79
791,嘉義縣義竹鄉西過村279號,嘉義縣義竹鄉西過村19鄰過路子279號,169008.63,2578438.25
792,嘉義縣義竹鄉官順村356號,嘉義縣義竹鄉官順村12鄰?子寮356號,166298.15,2578492.2
793,嘉義縣義竹鄉新店村77號,嘉義縣義竹鄉新店村20鄰新店77號,167458.19,2582264.87
794,嘉義縣水上鄉義興村2之1號,嘉義縣水上鄉義興村3鄰番子寮2號之1;嘉義縣水上鄉義興村7鄰下菜園2號之1,191320.940;190358.800,2590731.130;2590872.200
795,嘉義縣水上鄉三界村153號,嘉義縣水上鄉三界村4鄰三界埔153號,196417.23,2592208.74
796,嘉義縣水上鄉靖和村46號,嘉義縣水上鄉靖和村14鄰南靖農場46號;嘉義縣水上鄉靖和村3鄰南靖糖廠46號,186369.270;187099.330,2589901.720;2590354.520
797,嘉義縣中埔鄉裕民村石頭厝17之1號,嘉義縣中埔鄉裕民村2鄰石頭厝17號之1,200185.13,2591861.51
798,嘉義縣中埔鄉石弄村22號,找不到指定的門牌地址。,,
799,嘉義縣中埔鄉沄水村五鄰16號,嘉義縣中埔鄉沄水村11鄰竹頭崎16號;嘉義縣中埔鄉沄水村4鄰大興16號;嘉義縣中埔鄉沄水村5鄰試驗場16號;嘉義縣中埔鄉沄水村6鄰沄水街16號,201387.480;201408.720;202023.210;201528.010,2587989.250;2585373.010;2586618.070;2586925.780
800,嘉義縣中埔鄉灣潭村下庄1之1號,嘉義縣中埔鄉灣潭村17鄰下庄1號之1,204692.78,2591730.12
801,嘉義縣番路鄉內甕村3鄰1之1號,嘉義縣番路鄉內甕村3鄰凸湖1之1號,201320.85,2595130.94
802,嘉義縣番路鄉觸口村觸口164號,嘉義縣番路鄉觸口村14鄰觸口164號,209581.2,2592918.88
803,嘉義縣番路鄉大湖村下坪仔8號,嘉義縣番路鄉大湖村5鄰下坪仔8號,211221.81,2596947.24
804,嘉義縣番路鄉公田村隙頂40號,嘉義縣番路鄉公田村4鄰隙頂40號,215267.94,2591923.63
805,嘉義縣竹崎鄉龍山村水道70號,嘉義縣竹崎鄉龍山村5鄰水道70號,208318.2,2601758.98
806,嘉義縣竹崎鄉桃源村七鄰78號,嘉義縣竹崎鄉桃源村7鄰桃源78號,207706.27,2596783.4
807,嘉義縣竹崎鄉中和村奮起湖215號,嘉義縣竹崎鄉中和村17鄰奮起湖215號,219190.25,2599863.23
808,嘉義縣竹崎鄉中和村石棹10-1號,嘉義縣竹崎鄉中和村19鄰石棹10號之1,219106.71,2597194.21
809,嘉義縣竹崎鄉光華村四鄰10號,嘉義縣竹崎鄉光華村13鄰石盤巃10號;嘉義縣竹崎鄉光華村1鄰頂笨仔10號;嘉義縣竹崎鄉光華村4鄰柑仔宅10號;嘉義縣竹崎鄉光華村7鄰溪灘10號;嘉義縣竹崎鄉光華村8鄰究芎坪10號;嘉義縣竹崎鄉光華村9鄰茄苳仔10號,216046.670;217627.440;216316.280;214554.830;214115.170;214239.000,2599606.610;2596937.910;2596660.030;2595168.390;2596279.200;2597421.300
810,嘉義縣竹崎鄉義和村山子門22號,嘉義縣竹崎鄉義和村2鄰山子門22號,198796.48,2600622.52
811,嘉義縣竹崎鄉沙坑村57之2號,嘉義縣竹崎鄉沙坑村8鄰水坑57之2號,201047.85,2603094.11
812,嘉義縣梅山鄉圳南村三源23號,嘉義縣梅山鄉圳南村6鄰三源23號,208159.82,2608263.84
813,嘉義縣梅山鄉太平村4號,嘉義縣梅山鄉太平村5鄰大坪4號,209873.12,2606474.3
814,嘉義縣梅山鄉太興村4號,嘉義縣梅山鄉太興村10鄰橫山4號;嘉義縣梅山鄉太興村2鄰科仔?4號;嘉義縣梅山鄉太興村4鄰太興4號;嘉義縣梅山鄉太興村4鄰青園4號;嘉義縣梅山鄉太興村5鄰石古坪4號;嘉義縣梅山鄉太興村6鄰柴筍林4號;嘉義縣梅山鄉太興村7鄰溪頭4號,212165.150;211374.320;212633.140;212027.180;212947.490;212774.520;212586.820,2605165.180;2604354.620;2604403.290;2604089.130;2603465.620;2604473.260;2605045.900
815,嘉義縣梅山鄉瑞里村112號,嘉義縣梅山鄉瑞里村2鄰幼葉林112號,215796.57,2604124.69
816,嘉義縣梅山鄉大南村大草埔15號,嘉義縣梅山鄉大南村2鄰大草埔15號,204502.16,2606149.15
817,嘉義縣梅山鄉瑞峰村生毛樹19號之1,嘉義縣梅山鄉瑞?村5鄰生毛樹19號之1,216195.59,2605899.18
818,嘉義縣梅山鄉太和村三鄰18號,嘉義縣梅山鄉太和村10鄰湖桶底18號;嘉義縣梅山鄉太和村3鄰蛤里味18號;嘉義縣梅山鄉太和村5鄰社後坪18號;嘉義縣梅山鄉太和村7鄰油車寮18號;嘉義縣梅山鄉太和村8鄰公田18號,220068.999;221539.142;222425.090;219901.270;221018.780,2604539.901;2603438.909;2606557.780;2602939.600;2604913.650
819,嘉義縣梅山鄉太和村社前湖6號,嘉義縣梅山鄉太和村11鄰社前湖6號,221801.46,2605978.23
820,嘉義縣大埔鄉竹圍仔5號,嘉義縣大埔鄉茄苳村2鄰竹圍仔5號,208165.39,2576826.64
821,嘉義縣阿里山鄉達邦村一鄰1號,嘉義縣阿里山鄉達邦村1鄰達邦1號,224394.46,2594491.49
822,嘉義縣阿里山鄉十字村16號,嘉義縣阿里山鄉十字村1鄰十字路16號,224876.37,2598840.66
823,嘉義縣阿里山鄉來吉村四鄰91號,嘉義縣阿里山鄉來吉村4鄰來吉91號,223452.58,2602965.85
824,嘉義縣阿里山鄉豐山村47號,嘉義縣阿里山鄉豐山村3鄰石鼓盤47號,224484.72,2608074.75
825,嘉義縣阿里山鄉山美村61號,嘉義縣阿里山鄉山美村4鄰山美61號,216162.25,2586748.97
826,嘉義縣阿里山鄉新美村四鄰78號,嘉義縣阿里山鄉新美村4鄰新美78號,217620.16,2581717.57
827,嘉義縣阿里山鄉樂野村一鄰31號,嘉義縣阿里山鄉樂野村1鄰樂野31號,219496.18,2596198.28
828,嘉義縣阿里山鄉香林村二鄰41號,嘉義縣阿里山鄉香林村2鄰西阿里山41號,230455.89,2601490.84
829,嘉義縣阿里山鄉茶山村三鄰74號,嘉義縣阿里山鄉茶山村3鄰茶山74號,215913.57,2577581.19
830,屏東縣高樹鄉高樹村華光路32號,屏東縣高樹鄉高樹村20鄰華光路32號,208856.27,2525088.34
831,屏東縣高樹鄉舊寮村長美路42號,屏東縣高樹鄉舊寮村14鄰長美路42號,209982.57,2527566.93
832,屏東縣高樹鄉新豐村泰和路26號,屏東縣高樹鄉新豐村11鄰泰和路26號,212471.01,2529201.67
833,屏東縣高樹鄉鹽樹村公平路19號,屏東縣高樹鄉鹽樹村5鄰公平路19號,206598.28,2522601.19
834,屏東縣高樹鄉新南村興店路5號,屏東縣高樹鄉新南村7鄰興店路5號,204765.79,2520607.51
835,屏東縣高樹鄉泰山村產業路84號,屏東縣高樹鄉泰山村9鄰產業路84號,210391.82,2520856.61
836,屏東縣高樹鄉廣興村中正路176號,屏東縣高樹鄉廣興村15鄰中正路176號,211042.4,2515460.13
837,屏東縣高樹鄉南華村世一路1號,屏東縣高樹鄉南華村11鄰世一路1號,208715.43,2519564.41
838,屏東縣里港鄉過江路41號,屏東縣里港鄉過江村15鄰過江路41號,198101.02,2520091.11
839,屏東縣里港鄉載興村載興路1之3號,屏東縣里港鄉載興村1鄰載興路1號之3,201180.36,2519801.38
840,屏東縣里港鄉中和村中和路33號,屏東縣里港鄉中和村5鄰中和路33號,197865.12,2523072.45
841,屏東縣里港鄉土庫路111之3號,屏東縣里港鄉土庫村4鄰土庫路111之3號,199328.91,2524437.29
842,屏東縣枋寮鄉德興路197號,屏東縣枋寮鄉枋寮村28鄰德興路197號,207855.35,2474342.07
843,屏東縣枋寮鄉隆山村僑德路186號,屏東縣枋寮鄉隆山村16鄰僑德路186號,208808.94,2473809.56
844,屏東縣枋寮鄉人和村建興路39號,屏東縣枋寮鄉人和村1鄰建興路39號,208969.39,2476387.75
845,屏東縣枋寮鄉東海村東海路486號,屏東縣枋寮鄉東海村1鄰東海路486號,206479.49,2478054.6
846,屏東縣琉球鄉大福村中正路293號,屏東縣琉球鄉大福村2鄰中正路293號,184965.76,2471104.29
847,屏東縣琉球鄉南福村忠孝路27號,屏東縣琉球鄉南福村8鄰忠孝路27號,184409.53,2470248.38
848,屏東縣琉球鄉杉福村復興路97號,屏東縣琉球鄉杉福村5鄰復興路97號,185028.23,2472025.97
849,屏東縣琉球鄉漁福村三民路124號,屏東縣琉球鄉漁福村1鄰三民路124號,186848.67,2472488.21
850,屏東縣佳冬鄉塭豐村中興路1號,屏東縣佳冬鄉塭豐村12鄰中興路1號,201190.16,2478980.52
851,屏東縣佳冬鄉羌園村羌光路669號,屏東縣佳冬鄉羌園村11鄰羌光路1之58號,201292.1,2481150.5
852,屏東縣佳冬鄉昌隆村中正路44號,屏東縣佳冬鄉昌隆村16鄰中正路43之1號,204846.72,2482994.23
853,屏東縣佳冬鄉大同村武丁路33號,屏東縣佳冬鄉大同村6鄰武丁路33號,202413,2483544.87
854,屏東縣佳冬鄉玉光村民學路81號,屏東縣佳冬鄉玉光村18鄰民學路81號;屏東縣佳冬鄉玉光村21鄰民學路81號,205239.930;205239.930,2480875.450;2480875.450
855,屏東縣恆春鎮城北里北門路39巷26號,屏東縣恆春鎮城北里4鄰北門路39巷26號,223838.08,2434286.2
856,屏東縣恆春鎮城北里西門路146號,屏東縣恆春鎮城北里16鄰西門路146號,223590.59,2434538.31
857,屏東縣恆春鎮山海里山海路86號,屏東縣恆春鎮山海里10鄰山海路86號,220519.03,2431854.7
858,屏東縣恆春鎮大光里大光路8之6號,屏東縣恆春鎮大光里1鄰大光路8號之6,223162.51,2428209.29
859,屏東縣恆春鎮水泉里頂泉路1號,屏東縣恆春鎮水泉里1鄰頂泉路1號,222368.73,2426993.24
860,屏東縣恆春鎮頭溝里頭溝路161號,屏東縣恆春鎮頭溝里4鄰頭溝路161號,221169.46,2436157.91
861,屏東縣恆春鎮墾丁里墾丁路65號,屏東縣恆春鎮墾丁里8鄰墾丁路65號,229432.37,2427308.71
862,屏東縣車城鄉福興村中山路66號,屏東縣車城鄉福興村18鄰中山路66號,220545.61,2441882.21
863,屏東縣滿州鄉滿州村中山路39號,屏東縣滿州鄉滿州村18鄰中山路39號,233286.05,2435822.61
864,屏東縣滿州鄉長樂村大公路35號,屏東縣滿州鄉長樂村8鄰大公路35號,232317.05,2441929.38
865,屏東縣滿州鄉永靖村新庄路25號,屏東縣滿州鄉永靖村4鄰新庄路25號,231144.61,2434197.1
866,屏東縣枋山鄉善餘村光復路24號,找不到指定的門牌地址。,,
867,屏東縣枋山鄉加祿村會社路28號,屏東縣枋山鄉加祿村10鄰嘉和28號;屏東縣枋山鄉加祿村14鄰加祿28號;屏東縣枋山鄉加祿村5鄰會社28號,211820.350;210765.010;210966.320,2469325.390;2470240.220;2470161.040
868,屏東縣三地門鄉三地村行政街9號,屏東縣三地門鄉三地村1鄰行政街9號,214509.72,2512755.33
869,屏東縣三地門鄉青山村民族巷9號,屏東縣三地門鄉青山村1鄰民族巷9號,213186.31,2524076.29
870,屏東縣三地門鄉青葉村光復巷1之2號,屏東縣三地門鄉青葉村1鄰光復巷1號,212961.41,2526355.72
871,屏東縣三地門鄉口社村信義巷65號,屏東縣三地門鄉口社村5鄰信義巷64號之1;屏東縣三地門鄉口社村5鄰信義巷64號之2;屏東縣三地門鄉口社村5鄰信義巷64之5號,213544.130;213540.480;213492.060,2518885.000;2518853.570;2518897.670
872,屏東縣瑪家鄉佳義村泰平巷12號,屏東縣瑪家鄉佳義村1鄰泰平巷12號,212052.51,2505918.17
873,屏東縣瑪家鄉北葉村風景巷1-22號,屏東縣瑪家鄉北葉村1鄰風景1之22號,213685.58,2511847.64
874,屏東縣霧臺鄉霧臺村中山巷45號,屏東縣霧臺鄉霧臺村5鄰中山巷45號,222405.45,2516098.76
875,屏東縣泰武鄉武潭村潭中巷45號,屏東縣泰武鄉武潭村2鄰潭中巷45號,212412.3,2497643.79
876,屏東縣泰武鄉泰武村阿夫魯岸路1號,屏東縣泰武鄉泰武村5鄰阿夫魯岸路1號,209989.08,2500664.77
877,屏東縣泰武鄉萬安村萬安路1號,找不到指定的門牌地址。,,
878,屏東縣來義鄉丹林村古義路2號,屏東縣來義鄉丹林村6鄰古義路2號,213923.37,2492055.25
879,屏東縣來義鄉望嘉村165號,屏東縣來義鄉望嘉村13鄰望嘉165號,211204.49,2484850.42
880,屏東縣來義鄉文樂村新樂路1號,找不到指定的門牌地址。,,
881,屏東縣來義鄉南和村51號,屏東縣來義鄉南和村4鄰南和51號,213214.77,2481924.74
882,屏東縣來義鄉古樓村育英路2號,屏東縣來義鄉古樓村1鄰育英路2號,211518.62,2492019.15
883,屏東縣春日鄉春日村春日路314號,屏東縣春日鄉春日村12鄰春日路314號,211589.42,2474604.1
884,屏東縣春日鄉七佳村自強一路92號,屏東縣春日鄉七佳村11鄰自強一路92號,211813.52,2480955.68
885,屏東縣春日鄉古華村古華路3巷63號,屏東縣春日鄉古華村10鄰古華路3巷63號,211481.3,2473579.26
886,屏東縣獅子鄉楓林村楓林2巷22-2號,屏東縣獅子鄉楓林村7鄰楓林四巷22號,221400.9,2456308.53
887,屏東縣獅子鄉丹路村丹路1巷39號,屏東縣獅子鄉丹路村1鄰丹路一巷1號;屏東縣獅子鄉丹路村4鄰丹路二巷1號;屏東縣獅子鄉丹路村9鄰丹路四巷1號,224348.170;226820.960;221534.770,2456222.370;2457400.370;2456305.500
888,屏東縣獅子鄉內獅村1號,屏東縣獅子鄉內獅村1鄰內獅巷1號,213525.89,2466564.74
889,屏東縣獅子鄉草埔村1巷5號,屏東縣獅子鄉草埔村1鄰草埔一巷5號;屏東縣獅子鄉草埔村7鄰草埔三巷5號;屏東縣獅子鄉草埔村9鄰草埔六巷5號,229712.840;229282.460;228995.980,2459645.540;2459053.500;2458119.490
890,屏東縣牡丹鄉石門村石門路33號,屏東縣牡丹鄉石門村3鄰石門路33號,226532.77,2447504.3
891,屏東縣牡丹鄉高士村高士路29號,屏東縣牡丹鄉高士村2鄰高士路29號,234214.81,2447379.65
892,屏東縣牡丹鄉牡丹村牡丹路93號,屏東縣牡丹鄉牡丹村5鄰牡丹路93號,233261.16,2453123.33
893,屏東縣里港鄉塔樓村塔樓路21之3號,屏東縣里港鄉塔樓村3鄰塔樓路21號之3,196989.13,2518405.12
894,屏東縣里港鄉玉田村八德路91號,屏東縣里港鄉玉田村8鄰八德路91號,197755.57,2519380.51
895,屏東縣三地門鄉賽嘉村2號,屏東縣三地門鄉賽嘉村1鄰賽嘉巷1之8號;屏東縣三地門鄉賽嘉村1鄰賽嘉巷3之1號;屏東縣三地門鄉賽嘉村1鄰賽嘉巷3號之1,212968.970;212940.620;212941.080,2515878.060;2515898.620;2515898.620
896,屏東縣瑪家鄉瑪家村和平路一段65號,屏東縣瑪家鄉瑪家村7鄰和平路一段65號,213301.56,2510942.2
897,臺東縣卑南鄉賓朗村474巷2號,臺東縣卑南鄉賓朗村18鄰賓朗路474巷2號,259606.066,2522930.194
898,臺東縣卑南鄉溫泉村11鄰291號,臺東縣卑南鄉溫泉村11鄰溫泉路291號,252664.07,2510805.78
899,臺東縣卑南鄉利嘉村利嘉路666號,臺東縣卑南鄉利嘉村17鄰利嘉路665號;臺東縣卑南鄉利嘉村17鄰利嘉路669號,256431.960;256392.070,2519485.900;2519476.720
900,臺東縣卑南鄉初鹿村梅園路97號,臺東縣卑南鄉初鹿村5鄰梅園路97號,259449.109,2528802.1
901,臺東縣卑南鄉美農村22鄰班鳩92號,臺東縣卑南鄉美農村22鄰班鳩92號,258457.744,2526080.578
902,臺東縣卑南鄉富山村漁場三鄰66號,臺東縣卑南鄉富山村16鄰郡界66號;臺東縣卑南鄉富山村3鄰漁場66號,269637.408;269512.611,2527746.149;2524520.797
903,臺東縣卑南鄉東興村東園一街40號,臺東縣卑南鄉東興村1鄰東園一街40號,254419.548,2518253.832
904,臺東縣卑南鄉泰安村6號,臺東縣卑南鄉泰安村1鄰泰安6號,257779.459,2521120.649
905,臺東縣太麻里鄉香蘭村四鄰28號,臺東縣太麻里鄉香蘭村4鄰舊香蘭28號,249370.735,2498666.561
906,臺東縣太麻里鄉三和村漁場94號,臺東縣太麻里鄉三和村4鄰漁場94號,253809.09,2508025.345
907,臺東縣太麻里鄉多良村十五鄰大溪85號,臺東縣太麻里鄉多良村15鄰大溪85號,243916.444,2484719.335
908,臺東縣大武鄉尚武村八鄰學府路7號,臺東縣大武鄉尚武村8鄰學府路7號,238492.935,2471191.659
909,臺東縣大武鄉民族街2巷49號,臺東縣大武鄉大武村3鄰民族街43巷1號;臺東縣大武鄉大武村3鄰民族街3號,240193.568;240434.598,2473890.016;2473822.513
910,臺東縣大武鄉大鳥村一鄰12號,臺東縣大武鄉大鳥村1鄰大鳥12之2號;臺東縣大武鄉大鳥村1鄰大鳥12之3號;臺東縣大武鄉大鳥村17鄰和平12之8號;臺東縣大武鄉大鳥村1鄰大鳥12之10號;臺東縣大武鄉大鳥村1鄰大鳥12之11號;臺東縣大武鄉大鳥村1鄰大鳥12之12號;臺東縣大武鄉大鳥村1鄰大鳥12之15號;臺東縣大武鄉大鳥村1鄰大鳥12之16號;臺東縣大武鄉大鳥村1鄰大鳥12之17號;臺東縣大武鄉大鳥村1鄰大鳥12之30號,240793.059;240819.651;239766.720;240780.027;240781.665;240753.266;240753.994;240754.085;240753.937;240831.010,2475840.489;2475872.385;2474098.440;2475851.827;2475875.576;2475842.700;2475865.402;2475852.201;2475876.346;2476006.330
911,臺東縣綠島鄉中寮村3號,臺東縣綠島鄉中寮村1鄰中寮3號,298273.979,2508230.368
912,臺東縣綠島鄉公館村98號,找不到指定的門牌地址。,,
913,臺東縣鹿野鄉鹿野村中華路一段402號,臺東縣鹿野鄉鹿野村6鄰中華路一段402號,264054.926,2534256.488
914,臺東縣鹿野鄉龍田村光榮路236號,臺東縣鹿野鄉龍田村3鄰光榮路236號,262746.272,2533683.965
915,臺東縣鹿野鄉永安村鹿寮路31號,臺東縣鹿野鄉永安村3鄰鹿寮路28號;臺東縣鹿野鄉永安村3鄰鹿寮路36號,263272.180;263278.927,2536830.546;2536870.990
916,臺東縣鹿野鄉瑞豐村中山路67號,臺東縣鹿野鄉瑞豐村8鄰中山路67號,264039.637,2541971.572
917,臺東縣鹿野鄉瑞源村文化路67號,臺東縣鹿野鄉瑞源村12鄰文化路67號,265940.074,2539623.565
918,臺東縣關山鎮中華路101號,臺東縣關山鎮中福里10鄰中華路95號,266749.191,2549780.106
919,臺東縣關山鎮月眉里盛豐路二鄰1號,臺東縣關山鎮月眉里1鄰加典1號;臺東縣關山鎮月眉里2鄰山順1號;臺東縣關山鎮月眉里5鄰山泉1號;臺東縣關山鎮月眉里5鄰山富1號;臺東縣關山鎮月眉里6鄰中和1號,265895.490;265206.230;265366.790;265383.049;265426.180,2544062.820;2545550.838;2548014.450;2547279.185;2545720.670
920,臺東縣關山鎮德高里7鄰永豐16號,臺東縣關山鎮德高里3鄰永豐20之1號,267825.05,2552139.55
921,臺東縣關山鎮電光里中興路93號,找不到指定的門牌地址。,,
922,臺東縣池上鄉福原村中華路17號,臺東縣池上鄉福原村18鄰中華路17號;臺東縣池上鄉福原村19鄰中華路17號,272057.453;272057.453,2558148.779;2558148.779
923,臺東縣池上鄉慶豐村八鄰87號,臺東縣池上鄉慶豐村8鄰慶豐87號,273635.195,2558203.929
924,臺東縣池上鄉萬安村一鄰5之2號,臺東縣池上鄉萬安村1鄰萬安5號,272402.071,2554762.467
925,臺東縣東河鄉東河村十六鄰35號,臺東縣東河鄉東河村1鄰金樽35號;臺東縣東河鄉東河村3鄰金樽35號;臺東縣東河鄉東河村5鄰南東河35號;臺東縣東河鄉東河村7鄰南東河35號,279975.455;279975.455;280569.964;280569.964,2539490.793;2539490.793;2540383.988;2540383.988
926,臺東縣東河鄉都蘭村431號,臺東縣東河鄉都蘭村42鄰都蘭431號,273284.196,2530786.712
927,臺東縣東河鄉泰源村11鄰297號,臺東縣東河鄉泰源村11鄰本部落297號,279220.643,2544135.931
928,臺東縣東河鄉北源村順那21號,臺東縣東河鄉北源村38鄰順那16之1號;臺東縣東河鄉北源村38鄰順那16之2號;臺東縣東河鄉北源村39鄰順那22之1號,279717.745;279708.374;279978.713,2548831.434;2548825.784;2548758.267
929,臺東縣成功鎮三民路18號,臺東縣成功鎮三民里1鄰三民路17號;臺東縣成功鎮三民里1鄰三民路19號,287916.401;287927.129,2555622.630;2555632.737
930,臺東縣成功鎮太平路28號,臺東縣成功鎮忠智里23鄰太平路28號,289186.1,2555673.27
931,臺東縣成功鎮信義里都歷路58號,臺東縣成功鎮信義里12鄰都歷路58號,283911.528,2547295.736
932,臺東縣成功鎮三仙里基翬路八鄰16號,臺東縣成功鎮三仙里11鄰白蓮路16號;臺東縣成功鎮三仙里1鄰芝田路16號;臺東縣成功鎮三仙里7鄰高臺路16號;臺東縣成功鎮三仙里8鄰基翬路16號,291055.755;289456.106;290637.444;290301.520,2558381.373;2556516.216;2558110.048;2557690.960
933,臺東縣成功鎮忠孝里成廣路8號,臺東縣成功鎮忠孝里7鄰成廣路5之3號;臺東縣成功鎮忠孝里7鄰成廣路9之2號,291035.403;290995.457,2561759.523;2561895.086
934,臺東縣長濱鄉長濱村五鄰11號,臺東縣長濱鄉長濱村1鄰田組11號;臺東縣長濱鄉長濱村28鄰城子埔11號;臺東縣長濱鄉長濱村4鄰下三崙11號;臺東縣長濱鄉長濱村5鄰長濱11號;臺東縣長濱鄉長濱村6鄰中興11號,295326.476;297482.389;295721.554;296184.177;296489.118,2578254.625;2581227.192;2579375.993;2579383.224;2579466.752
935,臺東縣長濱鄉寧埔村十鄰41號,臺東縣長濱鄉寧埔村10鄰寧埔41號;臺東縣長濱鄉寧埔村14鄰烏石鼻41號;臺東縣長濱鄉寧埔村4鄰八桑安41號;臺東縣長濱鄉寧埔村8鄰僅那鹿角41號,292379.096;292361.947;292780.236;292229.760,2571400.603;2569754.114;2572404.500;2571729.655
936,臺東縣長濱鄉竹湖村十鄰14號,臺東縣長濱鄉竹湖村10鄰中濱14號;臺東縣長濱鄉竹湖村15鄰南竹湖14號;臺東縣長濱鄉竹湖村4鄰永福14號;臺東縣長濱鄉竹湖村9鄰移民14號,293838.636;293523.039;294190.352;292307.022,2575984.286;2574763.678;2577098.583;2576407.947
937,臺東縣長濱鄉三間村七鄰16號,臺東縣長濱鄉三間村1鄰真柄16號,297215.407,2582153.391
938,臺東縣長濱鄉樟原村一鄰7號,臺東縣長濱鄉樟原村13鄰中溪7號;臺東縣長濱鄉樟原村1鄰樟原7號,298269.658;299225.918,2590386.376;2590059.205
939,台東縣金峰鄉嘉蘭村3鄰132號,臺東縣金峰鄉嘉蘭村3鄰嘉蘭130號;臺東縣金峰鄉嘉蘭村3鄰嘉蘭137號,246038.530;246014.860,2499435.940;2499356.200
940,臺東縣金峰鄉正興村105號,臺東縣金峰鄉正興村8鄰正興104號;臺東縣金峰鄉正興村8鄰正興110號,249571.732;249695.202,2500564.220;2500695.776
941,臺東縣金峰鄉新興村一鄰1號,臺東縣金峰鄉新興村1鄰新興2之1號,250173.01,2503497.71
942,臺東縣金峰鄉賓茂村68號,臺東縣金峰鄉賓茂村5鄰賓茂67號,245778.576,2492465.753
943,臺東縣達仁鄉安朔村八鄰113號,臺東縣達仁鄉安朔村8鄰安朔113號,236429.222,2466083.456
944,臺東縣達仁鄉土?村10號,找不到指定的門牌地址。,,
945,臺東縣達仁鄉台?村十鄰59號之1,找不到指定的門牌地址。,,
946,臺東縣蘭嶼鄉紅頭村1之1號,臺東縣蘭嶼鄉紅頭村1鄰紅頭1號之1;臺東縣蘭嶼鄉紅頭村6鄰漁人1之1號,308108.400;306171.487,2435838.880;2436640.557
947,臺東縣蘭嶼鄉椰油村忠孝街1號,找不到指定的門牌地址。,,
948,臺東縣蘭嶼鄉東清村1號,臺東縣蘭嶼鄉東清村1鄰東清1號;臺東縣蘭嶼鄉東清村8鄰野銀1號,308283.249;308564.352,2439959.393;2437875.122
949,臺東縣蘭嶼鄉朗島村17號,臺東縣蘭嶼鄉朗島村1鄰朗島17號,304546.719,2442415.16
950,臺東縣延平鄉桃源村昇平路84號,臺東縣延平鄉桃源村4鄰昇平路85之1號,258569.682,2533544.028
951,臺東縣延平鄉武陵村一鄰明野路16號,臺東縣延平鄉武陵村1鄰明野路16之1號,261865.96,2540982.17
952,臺東縣延平鄉鸞山村一鄰14號,臺東縣延平鄉鸞山村6鄰松林路14號;臺東縣延平鄉鸞山村9鄰榕山路14號,268685.263;266319.604,2534675.618;2531841.004
953,臺東縣延平鄉紅葉村紅谷路1號,臺東縣延平鄉紅葉村1鄰紅谷路2號,256493.44,2532463.64
954,臺東縣海端鄉海端村山界路36號,臺東縣海端鄉海端村10鄰新武呂36號;臺東縣海端鄉海端村3鄰山界36號;臺東縣海端鄉海端村7鄰初來36號,262805.144;268064.280;267058.497,2559036.480;2555566.095;2557440.315
955,臺東縣海端鄉海端村七鄰5號,臺東縣海端鄉海端村7鄰初來5號;臺東縣海端鄉海端村9鄰新武呂5號,267398.311;262850.251,2557261.728;2558957.790
956,臺東縣海端鄉崁頂村中福21號,臺東縣海端鄉崁頂村1鄰中福21號,265011.388,2549270.117
957,臺東縣海端鄉廣原村大埔路一鄰1號,臺東縣海端鄉廣原村1鄰大埔1號;臺東縣海端鄉廣原村3鄰龍泉1號;臺東縣海端鄉廣原村6鄰錦屏1號,271224.100;269575.750;268040.006,2560860.140;2561487.000;2558933.770
958,臺東縣海端鄉廣原村錦屏1號,臺東縣海端鄉廣原村6鄰錦屏1號,268040.006,2558933.77
959,臺東縣海端鄉加拿村加南5號,臺東縣海端鄉加拿村1鄰加南5號,263389.925,2544407.247
960,臺東縣海端鄉霧鹿村12號,臺東縣海端鄉霧鹿村1鄰霧鹿12號;臺東縣海端鄉霧鹿村5鄰下馬12號,254255.943;256605.386,2563033.265;2561497.217
961,臺東縣東河鄉興昌村155號,臺東縣東河鄉興昌村16鄰興昌155號,275519.597,2532711.188
962,花蓮縣壽豐鄉豐山村中山路41號,花蓮縣壽豐鄉豐山村25鄰中山路41號,300093.749,2638101.739
963,花蓮縣壽豐鄉豐裡村中山路299號,花蓮縣壽豐鄉豐裡村10鄰中山路298號;花蓮縣壽豐鄉豐裡村10鄰中山路300號,301717.453;301729.359,2637544.269;2637538.184
964,花蓮縣壽豐鄉平和路34號,花蓮縣壽豐鄉平和村4鄰平和路34號,302876.23,2642266.15
965,花蓮縣壽豐鄉溪口村溪口路87號,花蓮縣壽豐鄉溪口村3鄰溪口路84號;花蓮縣壽豐鄉溪口村3鄰溪口路88號,298291.696;298300.480,2635076.650;2635087.041
966,花蓮縣壽豐鄉月眉村月眉三段24號,花蓮縣壽豐鄉月眉村15鄰月眉47之10號,307578.994,2641444.011
967,花蓮縣壽豐鄉水璉村水璉二街20號,花蓮縣壽豐鄉水璉村4鄰水璉二街20號,307438.825,2631100.468
968,花蓮縣鳳林鎮大榮里復興路85號,花蓮縣鳳林鎮大榮里10鄰復興路85號,297742.997,2627879.953
969,花蓮縣鳳林鎮鳳仁里光復路94號,花蓮縣鳳林鎮鳳仁里8鄰光復路94號,296057.799,2627545.529
970,花蓮縣鳳林鎮北林里平園路32號,花蓮縣鳳林鎮北林里13鄰平園路32號,297726.143,2629803.379
971,花蓮縣鳳林鎮長橋里長橋路2號,花蓮縣鳳林鎮長橋里14鄰長橋路2號,292837.749,2622909.632
972,花蓮縣鳳林鎮林榮里永安街2號,花蓮縣鳳林鎮林榮里8鄰永安街2號,296144.276,2633084.334
973,花蓮縣光復鄉大馬村中山路三段75號,花蓮縣光復鄉大馬村2鄰中山路三段75號,293553.225,2618952.943
974,花蓮縣光復鄉中正路二段23號,花蓮縣光復鄉北富村1鄰中正路二段23號,295739.957,2617451.868
975,花蓮縣光復鄉大進村糖廠街4號,花蓮縣光復鄉大進村1鄰糖廠街4號,292771.955,2616866.065
976,花蓮縣瑞穗鄉溫泉路一段19號,花蓮縣瑞穗鄉瑞祥村12鄰溫泉路三段128號;花蓮縣瑞穗鄉瑞祥村8鄰溫泉路三段128號,285777.605;285777.605,2599062.330;2599062.330
977,花蓮縣瑞穗鄉中正北路二段35號,花蓮縣瑞穗鄉瑞北村1鄰中正北路二段35號,288663.395,2602556.246
978,花蓮縣瑞穗鄉中山路二段389號,花蓮縣瑞穗鄉瑞美村13鄰中山路二段389號,289993.917,2598943.632
979,花蓮縣瑞穗鄉鶴岡村167號,花蓮縣瑞穗鄉鶴岡村17鄰興鶴路二段167號,289846.462,2602343.871
980,花蓮縣瑞穗鄉舞鶴村64號,花蓮縣瑞穗鄉舞鶴村1鄰舞鶴64號,285965.52,2595158.22
981,花蓮縣瑞穗鄉富源村30號,花蓮縣瑞穗鄉富源村10鄰學士路30號,288334.915,2608407.96
982,花蓮縣豐濱鄉豐濱村民族街5號,花蓮縣豐濱鄉豐濱村6鄰民族街5號,303180.717,2610665.064
983,花蓮縣豐濱鄉港口村43號,花蓮縣豐濱鄉港口村3鄰石梯坪43號;花蓮縣豐濱鄉港口村5鄰港口43號;花蓮縣豐濱鄉港口村9鄰大港口43號,301931.362;301525.404;300757.561,2597750.027;2597065.305;2596257.730
984,花蓮縣豐濱鄉靜浦村64號,花蓮縣豐濱鄉靜浦村2鄰靜浦64號,300619.89,2595481.75
985,花蓮縣豐濱鄉新社村150號,花蓮縣豐濱鄉新社村7鄰新社150號,304665.578,2616578.913
986,花蓮縣玉里鎮忠智路43號,花蓮縣玉里鎮中城里4鄰忠智路43號,282636.006,2580695.192
987,花蓮縣玉里鎮中山路一段1號,花蓮縣玉里鎮中城里11鄰中山路一段1號,282466.019,2580297.381
988,花蓮縣玉里鎮源城里水源62號,花蓮縣玉里鎮源城里12鄰水源62之1號,280808.654,2579928.332
989,花蓮縣玉里鎮樂合里新民41號,花蓮縣玉里鎮樂合里18鄰新民41號,284696.941,2579911.868
990,花蓮縣玉里鎮觀音里16鄰9號,花蓮縣玉里鎮觀音里16鄰觀音9號,286509.077,2588021.486
991,花蓮縣玉里鎮高寮92號,花蓮縣玉里鎮觀音里4鄰高寮92號,286702.755,2586727.304
992,花蓮縣玉里鎮松浦里12鄰212號,花蓮縣玉里鎮松浦里12鄰松浦212號,288164.455,2591799.238
993,花蓮縣玉里鎮春日里泰林95號,花蓮縣玉里鎮春日里7鄰泰林96之1號,290151.52,2594217.56
994,花蓮縣玉里鎮德武里9鄰171號,花蓮縣玉里鎮德武里9鄰能雅171號,291432.061,2595930.937
995,花蓮縣玉里鎮三民里118號,花蓮縣玉里鎮三民里12鄰三民118號;花蓮縣玉里鎮三民里6鄰三軒118號,285606.364;284502.928,2591929.022;2590524.971
996,花蓮縣玉里鎮中禹里225號,找不到指定的門牌地址。,,
997,花蓮縣玉里鎮長良里163號,花蓮縣玉里鎮長良里10鄰長良163號,279356.48,2575823.335
998,花蓮縣富里鄉富里村永安街52號,花蓮縣富里鄉富里村24鄰永安街52號;花蓮縣富里鄉富里村26鄰永安街52號,275337.219;275337.219,2563263.750;2563263.750
999,花蓮縣富里鄉東里村道化路74號,花蓮縣富里鄉東里村8鄰道化路74號,281000.049,2573713.538
1000,花蓮縣富里鄉明里村1鄰16號,花蓮縣富里鄉明里村1鄰明里16號,275458.845,2566601.503
1001,花蓮縣富里鄉吳江村6鄰52號,花蓮縣富里鄉吳江村6鄰吳江52號,283002.9,2575179.1
1002,花蓮縣富里鄉學田村光明路1號,花蓮縣富里鄉學田村7鄰光明路1號,273258.485,2561514.688
1003,花蓮縣富里鄉豐南村永豐84號,花蓮縣富里鄉豐南村1鄰永豐84號,277300.006,2561447.706
1004,花蓮縣富里鄉萬寧村鎮寧108號,花蓮縣富里鄉萬寧村6鄰鎮寧108號,280442.85,2572440.62
1005,花蓮縣富里鄉竹田村富田3號,花蓮縣富里鄉竹田村17鄰富田3號,278635.439,2568027.797
1006,花蓮縣秀林鄉秀林村秀林路76號,花蓮縣秀林鄉秀林村12鄰秀林76號;花蓮縣秀林鄉秀林村6鄰民治76號,313472.970;314315.221,2668233.590;2669077.299
1007,花蓮縣秀林鄉富世村127號,花蓮縣秀林鄉富世村8鄰富世127號,313977.009,2671487.709
1008,花蓮縣秀林鄉崇德村72號,花蓮縣秀林鄉崇德村1鄰海濱72號;花蓮縣秀林鄉崇德村6鄰崇德72號,316495.437;316290.554,2673913.389;2673119.540
1009,花蓮縣秀林鄉和平村112號,花蓮縣秀林鄉和平村3鄰和平112號,325978.334,2689313.182
1010,花蓮縣秀林鄉景美村三棧102號,花蓮縣秀林鄉景美村15鄰三棧102號,311653.761,2666542.168
1011,花蓮縣秀林鄉銅門村69號,花蓮縣秀林鄉銅門村9鄰銅門69號,300194.537,2651290.819
1012,花蓮縣秀林鄉文蘭村70號,花蓮縣秀林鄉文蘭村11鄰重光70號;花蓮縣秀林鄉文蘭村6鄰文蘭70號,301076.350;301613.320,2643186.779;2649268.352
1013,花蓮縣秀林鄉文蘭村米亞丸1號,花蓮縣秀林鄉文蘭村7鄰米亞丸1號,301064.063,2646503.25
1014,花蓮縣萬榮鄉萬榮村2鄰31號,花蓮縣萬榮鄉萬榮村2鄰萬榮30號之1,291884.49,2623534.29
1015,花蓮縣萬榮鄉明利村35號,花蓮縣萬榮鄉明利村2鄰明利35號,292049.32,2622485.8
1016,花蓮縣萬榮鄉見晴村89號,花蓮縣萬榮鄉見晴村7鄰見晴89號,296060.67,2631155.19
1017,花蓮縣萬榮鄉馬遠村39號,花蓮縣萬榮鄉馬遠村2鄰馬遠39之3號;花蓮縣萬榮鄉馬遠村3鄰馬遠39之4號,286853.416;286830.343,2608109.816;2608138.377
1018,花蓮縣萬榮鄉西林村8鄰114號,花蓮縣萬榮鄉西林村8鄰西林114號,294879.54,2634187.63
1019,花蓮縣萬榮鄉紅葉村1鄰4號,花蓮縣萬榮鄉紅葉村1鄰紅葉3號;花蓮縣萬榮鄉紅葉村1鄰紅葉8號,285303.118;285231.010,2599166.983;2599179.040
1020,花蓮縣卓溪鄉卓溪村中正路72號,找不到指定的門牌地址。,,
1021,花蓮縣卓溪鄉崙山村1鄰12號,花蓮縣卓溪鄉崙山村1鄰崙山12號,285176.706,2592951.685
1022,花蓮縣卓溪鄉立山村9鄰90號,花蓮縣卓溪鄉立山村9鄰立山90號,282769.615,2592046.718
1023,花蓮縣卓溪鄉太平村1鄰2號,花蓮縣卓溪鄉太平村1鄰太平2號,282755.869,2589281.136
1024,花蓮縣卓溪鄉卓清村清水6號,花蓮縣卓溪鄉卓清村1鄰清水6之2號,277934.203,2575017.092
1025,花蓮縣卓溪鄉卓清村卓樂86號,花蓮縣卓溪鄉卓清村19鄰卓樂81之1號;花蓮縣卓溪鄉卓清村19鄰卓樂81之2號,277454.634;277468.326,2577057.870;2577054.032
1026,花蓮縣卓溪鄉古風村崙天18號,花蓮縣卓溪鄉古風村1鄰崙天18之1號,277247.692,2568736.121
1027,花蓮縣瑞穗鄉奇美村47號,花蓮縣瑞穗鄉奇美村1鄰奇美47號,295538.109,2599448.05
1028,花蓮縣卓溪鄉古風村十二鄰古楓6號,花蓮縣卓溪鄉古風村12鄰古楓6號,277832.585,2571303.13
1029,花蓮縣光復鄉西富村民有街51巷3號,花蓮縣光復鄉西富村13鄰民有街51巷5之1號;花蓮縣光復鄉西富村13鄰民有街51巷5之2號,293914.985;293936.171,2614840.869;2614793.217
1030,花蓮縣光復鄉大興村民權街17號,花蓮縣光復鄉大興村2鄰民權街17號;花蓮縣光復鄉大興村3鄰民權街17號,290623.603;290623.603,2614362.307;2614362.307
1031,花蓮縣秀林鄉富世村西寶11號,花蓮縣秀林鄉富世村16鄰西寶11號,299021.102,2678006.093
1032,澎湖縣馬公市光明里明遠路2號,澎湖縣馬公市光明里15鄰明遠路2號,103943.306,2608311.15
1033,澎湖縣馬公市中興里民生路38號,澎湖縣馬公市中興里14鄰民生路38號,103593.953,2607916.32
1034,澎湖縣馬公市光復路186號,澎湖縣馬公市朝陽里7鄰光復路186號,104490.29,2608672.461
1035,澎湖縣馬公市案山里大案山25之6號,澎湖縣馬公市案山里1鄰大案山25之6號,105255.354,2606675.003
1036,澎湖縣馬公市石泉里1號,澎湖縣馬公市石泉里1鄰石泉1號,106612.679,2607021.586
1037,澎湖縣馬公市東衛里169號,澎湖縣馬公市東衛里16鄰東衛169號,107356.611,2608287.752
1038,澎湖縣馬公市烏崁里129號,澎湖縣馬公市烏崁里11鄰烏崁129號,108871.467,2605822.825
1039,澎湖縣馬公市山水里140號,澎湖縣馬公市山水里1鄰珠江140號,106486.766,2602834.243
1040,澎湖縣馬公市五德里32號,澎湖縣馬公市五德里1鄰?母塢32號,106092.453,2603419.625
1041,澎湖縣馬公市時裡里114號,找不到指定的門牌地址。,,
1042,澎湖縣馬公市風櫃里66號,澎湖縣馬公市風櫃里9鄰風櫃尾66號,101475.653,2604889.327
1043,澎湖縣馬公市虎井里1號,澎湖縣馬公市虎井里1鄰虎井1號,98329.576,2598859.378
1044,澎湖縣湖西鄉成功村1之4號,澎湖縣湖西鄉成功村1鄰港底1之4號,109337.83,2608788.925
1045,澎湖縣湖西鄉西溪村130號,澎湖縣湖西鄉西溪村13鄰西溪130號,111374.238,2609479.861
1046,澎湖縣湖西鄉湖西村151號,澎湖縣湖西鄉湖西村8鄰湖西151號,113445.67,2609630.847
1047,澎湖縣湖西鄉尖山村4號,澎湖縣湖西鄉尖山村1鄰尖山4號,114123.691,2607647.529
1048,澎湖縣湖西鄉隘門村15號,澎湖縣湖西鄉隘門村2鄰隘門15號,110774.688,2607435.463
1049,澎湖縣湖西鄉鼎灣村75號,澎湖縣湖西鄉鼎灣村6鄰鼎灣75號,108788.129,2610867.147
1050,澎湖縣白沙鄉中屯村130之2號,澎湖縣白沙鄉中屯村1鄰中屯130號之2,107991.748,2612577.2
1051,澎湖縣白沙鄉講美村141之1號,澎湖縣白沙鄉講美村12鄰講美141號之1,106782.544,2615087.109
1052,澎湖縣白沙鄉赤崁村370號,澎湖縣白沙鄉赤崁村21鄰大赤崁370號,106991.235,2618779.352
1053,澎湖縣白沙鄉鳥嶼村57號,澎湖縣白沙鄉鳥嶼村2鄰鳥嶼57號,113273.134,2618225.235
1054,澎湖縣白沙鄉吉貝村8號,澎湖縣白沙鄉吉貝村2鄰吉貝8號,108701.38,2627073.778
1055,澎湖縣白沙鄉後寮村218號,澎湖縣白沙鄉後寮村20鄰後寮218號,104048.323,2618471.768
1056,澎湖縣西嶼鄉合界村76號之2,澎湖縣西嶼鄉合界村12鄰合界頭76號之2,100144.93,2615788.966
1057,澎湖縣西嶼鄉竹灣村15號,澎湖縣西嶼鄉竹灣村26鄰竹篙灣15號,99211.409,2615363.77
1058,澎湖縣西嶼鄉大池村129號,澎湖縣西嶼鄉大池村1鄰大池角129號,98296.557,2613079.768
1059,澎湖縣西嶼鄉池東村104號,澎湖縣西嶼鄉池東村7鄰小池角104號,97547.038,2611732.332
1060,澎湖縣西嶼鄉內垵村229號,澎湖縣西嶼鄉內垵村5鄰內垵229號,96666.05,2608248.001
1061,澎湖縣西嶼鄉外垵村29號之3,澎湖縣西嶼鄉外垵村5鄰外垵29號之3,94927.847,2607944.229
1062,澎湖縣望安鄉西安村46號,澎湖縣望安鄉西安村9鄰望安46號,96276.157,2584954.956
1063,澎湖縣望安鄉將軍村12-8號,澎湖縣望安鄉將軍村2鄰將軍澳12之8號,99193.334,2585404.158
1064,澎湖縣望安鄉花嶼村2號,澎湖縣望安鄉花嶼村1鄰花嶼2號,78557.175,2589576.359
1065,澎湖縣七美鄉中和村4鄰1號,澎湖縣七美鄉中和村4鄰埔內1號,89144.506,2568060.904
1066,澎湖縣七美鄉西湖村七鄰9號,澎湖縣七美鄉西湖村10鄰西埔9號;澎湖縣七美鄉西湖村1鄰西北灣9號;澎湖縣七美鄉西湖村3鄰山?仔9號;澎湖縣七美鄉西湖村7鄰田墘9號,88335.568;89428.471;89494.220;89163.244,2568835.487;2569331.140;2568900.131;2568792.485
1067,澎湖縣馬公市西文里文學路221號,澎湖縣馬公市西文里2鄰文學路221號,105362.166,2607511.075
1068,澎湖縣馬公市光榮里三多路450號,澎湖縣馬公市光榮里19鄰三多路450號,103935.16,2608826.463
1069,金門縣金湖鎮新市里林森路12號,金門縣金湖鎮新市里1鄰林森路12號,-12097.73,2706511.278
1070,金門縣金寧鄉安岐1號,金門縣金寧鄉安美村10鄰安岐1號,-21068.354,2708223.907
1071,金門縣金城鎮珠浦北路38號,金門縣金城鎮西門里22鄰珠浦北路38號,-22126.311,2705812.415
1072,金門縣金城鎮賢厝村庵前18之2號,金門縣金城鎮賢庵里13鄰庵前18之2號,-21948.213,2703929.859
1073,金門縣金城鎮古城村大古崗100號,金門縣金城鎮古城里16鄰大古崗100號,-22653.142,2702160.35
1074,金門縣金湖鎮瓊林里中興崗9-1號,金門縣金湖鎮瓊林里1鄰瓊林9之1號,-15971.229,2706888.438
1075,金門縣金湖鎮料羅村新塘10號,金門縣金湖鎮料羅里14鄰新塘10號,-9814.943,2704131.375
1076,金門縣金沙鎮環島東路4段600號,金門縣金沙鎮大洋里10鄰環島東路四段600號,-12504.138,2711842.873
1077,金門縣金沙鎮汶沙里后浦頭117號,金門縣金沙鎮汶沙里14鄰后浦頭117號,-12362.176,2711575.317
1078,金門縣金沙鎮浦山里下塘頭39號,金門縣金沙鎮浦山里21鄰下塘頭39號,-14067.264,2710482.751
1079,金門縣金沙鎮碧山村81號,找不到指定的門牌地址。,,
1080,金門縣金沙鎮沙青路999號,金門縣金沙鎮西園里10鄰沙青路999號,-12310.021,2714699.294
1081,金門縣金寧鄉古寧村北山1號,金門縣金寧鄉古寧村22鄰北山1號,-22446.026,2710598.184
1082,金門縣金寧鄉盤山村下堡123號,金門縣金寧鄉盤山村9鄰下堡123號,-19970.742,2707203.995
1083,金門縣烈嶼鄉西路23號,金門縣烈嶼鄉林湖村14鄰西路23號,-29282.774,2705636.233
1084,金門縣烈嶼鄉青岐123號,金門縣烈嶼鄉上岐村18鄰青岐123號,-31137.651,2703851.639
1085,金門縣金寧鄉湖下196號,金門縣金寧鄉湖埔村17鄰湖下196號,-22957.331,2708301.303
1086,金門縣金湖鎮正義里成功129號,金門縣金湖鎮正義里10鄰成功129號,-14913.405,2706223.923
1087,金門縣烈嶼鄉西口村西方69號,金門縣烈嶼鄉西口村6鄰西方69號,-30140.405,2706143.287
1088,連江縣南竿鄉介壽村13號,連江縣南竿鄉介壽村1鄰13號,145007.68,2894731.25
1089,連江縣南竿鄉馬祖村4號,連江縣南竿鄉馬祖村1鄰4號,142035.367,2894648.893
1090,連江縣南竿鄉仁愛村95號,連江縣南竿鄉仁愛村6鄰95號,142590.258,2892629.96
1091,連江縣北竿鄉塘岐村56號,連江縣北竿鄉塘岐村2鄰56號,149765.452,2901722.593
1092,連江縣莒光鄉青帆村19號,連江縣莒光鄉青帆村2鄰19號,143171.446,2873781.173
1093,連江縣莒光鄉大坪村4號,連江縣莒光鄉大坪村1鄰4號,147217.901,2872529.178
1094,連江縣東引鄉中柳村94號,連江縣東引鄉中柳村4鄰94號,198950.208,2917406.116
1095,新北市金山區美田里文化二路2號,新北市金山區美田里15鄰文化二路2號,314175.626,2790814.676
1096,新北市雙溪區梅竹蹊3號,新北市雙溪區平林里1鄰梅竹蹊3號,337105.012,2769924.22
1097,新北市石碇區隆盛里八分寮45號,新北市石碇區隆盛里12鄰八分寮45號,314857.869,2767342.81
1098,高雄市六龜區義寶里光復路212號,高雄市六龜區義寶里4鄰光復路212號,212589.692,2543574.435
1099,宜蘭縣南澳鄉蘇花路二段301號,宜蘭縣南澳鄉南澳村2鄰蘇花路二段301號,331180.91,2706864.56
1100,雲林縣麥寮鄉中興路310號,雲林縣麥寮鄉麥津村18鄰中興路310號,173737.755,2628364.716
1101,雲林縣古坑鄉荷苞村山峰17號,雲林縣古坑鄉荷苞村15鄰山?17號,210766.25,2614151.42
1102,屏東縣枋寮鄉新龍村義民路3號,屏東縣枋寮鄉新龍村1鄰義民路3號,207855.43,2474702.3
1103,屏東縣來義鄉古樓村中正路147號,屏東縣來義鄉古樓村17鄰中正路147號,211868.78,2491801.06
1104,臺東縣蘭嶼鄉椰油村37號,臺東縣蘭嶼鄉椰油村1鄰椰油37號,302859.59,2439032.12
1105,花蓮縣鳳林鎮八德路62號,花蓮縣鳳林鎮南平里11鄰八德路62號,296572.94,2631116.099
